row_id	pdf_page	block	row_in_block	h	k	l	Fcal2_raw	Fobs2_raw	sigma_Fobs2_raw	marker_raw	Fcal2_numeric	Fobs2_numeric	sigma_Fobs2_numeric	Fcal2_sign_status	Fobs2_sign_status
si-p01-L-r001	1	L	1	1	1	1	7003914.5	6490375.5	14339.41	o	7003914.5	6490375.5	14339.41	resolved	resolved
si-p01-L-r002	1	L	2	0	2	2	177497.72	332465.25	3898.85	o	177497.72	332465.25	3898.85	resolved	resolved
si-p01-L-r003	1	L	3	2	2	2	445969.03	185545.3	3838.04	o	445969.03	185545.3	3838.04	resolved	resolved
si-p01-L-r004	1	L	4	1	1	3	10219.2	-407.76	2155.32	o	10219.2	-407.76	2155.32	resolved	resolved
si-p01-L-r005	1	L	5	1	3	3	5128.3	12576.72	3260.63	o	5128.3	12576.72	3260.63	resolved	resolved
si-p01-L-r006	1	L	6	3	3	3	93472.77	37530.51	4325.95	o	93472.77	37530.51	4325.95	resolved	resolved
si-p01-L-r007	1	L	7	0	0	4	467367.38	492032.09	26675.04	o	467367.38	492032.09	26675.04	resolved	resolved
si-p01-L-r008	1	L	8	2	2	4	110881.37	57376.18	4272.17	o	110881.37	57376.18	4272.17	resolved	resolved
si-p01-L-r009	1	L	9	0	4	4	310198.66	413593.94	6604.29	o	310198.66	413593.94	6604.29	resolved	resolved
si-p01-L-r010	1	L	10	2	4	4	1059665.38	1028542.75	9456.19	o	1059665.38	1028542.75	9456.19	resolved	resolved
si-p01-L-r011	1	L	11	4	4	4	83788.88	113719.27	5954.5	o	83788.88	113719.27	5954.5	resolved	resolved
si-p01-L-r012	1	L	12	1	1	5	275443.03	245790.86	6247.79	o	275443.03	245790.86	6247.79	resolved	resolved
si-p01-L-r013	1	L	13	1	3	5	20070.43	31369.47	3418.32	o	20070.43	31369.47	3418.32	resolved	resolved
si-p01-L-r014	1	L	14	3	3	5	3155090.25	3465176.25	119309.87	o	3155090.25	3465176.25	119309.87	resolved	resolved
si-p01-L-r015	1	L	15	1	5	5	98362.7	63540.11	5606.48	o	98362.7	63540.11	5606.48	resolved	resolved
si-p01-L-r016	1	L	16	3	5	5	82493.59	80768.59	5719.16	o	82493.59	80768.59	5719.16	resolved	resolved
si-p01-L-r017	1	L	17	5	5	5	319799.22	310526.13	7281.63	o	319799.22	310526.13	7281.63	resolved	resolved
si-p01-L-r018	1	L	18	0	2	6	894.04	25639.83	3498	o	894.04	25639.83	3498.0	resolved	resolved
si-p01-L-r019	1	L	19	2	2	6	2453228.75	2848849.5	184459.3	o	2453228.75	2848849.5	184459.3	resolved	resolved
si-p01-L-r020	1	L	20	2	4	6	779458.63	790964.13	6705.34	o	779458.63	790964.13	6705.34	resolved	resolved
si-p01-L-r021	1	L	21	4	4	6	732736.56	635525.5	21159.44	o	732736.56	635525.5	21159.44	resolved	resolved
si-p01-L-r022	1	L	22	0	6	6	21549.61	39722.87	5125.53	o	21549.61	39722.87	5125.53	resolved	resolved
si-p01-L-r023	1	L	23	2	6	6	296636.81	263954.59	7159.28	o	296636.81	263954.59	7159.28	resolved	resolved
si-p01-L-r024	1	L	24	4	6	6	163714.77	148236.38	6196	o	163714.77	148236.38	6196.0	resolved	resolved
si-p01-L-r025	1	L	25	6	6	6	4062.35	106416.48	5821.47	o	4062.35	106416.48	5821.47	resolved	resolved
si-p01-L-r026	1	L	26	1	1	7	247095.56	194661.83	4481.96	o	247095.56	194661.83	4481.96	resolved	resolved
si-p01-L-r027	1	L	27	1	3	7	5386.14	5996.56	3622.7	o	5386.14	5996.56	3622.7	resolved	resolved
si-p01-L-r028	1	L	28	3	3	7	74997.09	84162.94	4000.66	o	74997.09	84162.94	4000.66	resolved	resolved
si-p01-L-r029	1	L	29	1	5	7	46356.46	47591.04	4079.88	o	46356.46	47591.04	4079.88	resolved	resolved
si-p01-L-r030	1	L	30	3	5	7	828239.19	840603.5	7849.59	o	828239.19	840603.5	7849.59	resolved	resolved
si-p01-L-r031	1	L	31	5	5	7	109624.84	104129.01	4785.79	o	109624.84	104129.01	4785.79	resolved	resolved
si-p01-L-r032	1	L	32	1	7	7	511690.78	462207.53	8485.2	o	511690.78	462207.53	8485.2	resolved	resolved
si-p01-L-r033	1	L	33	3	7	7	70711.67	77312.37	5597.27	o	70711.67	77312.37	5597.27	resolved	resolved
si-p01-L-r034	1	L	34	5	7	7	205489.69	190374.28	6782.38	o	205489.69	190374.28	6782.38	resolved	resolved
si-p01-L-r035	1	L	35	7	7	7	20618.29	8618.51	5473.92	o	20618.29	8618.51	5473.92	resolved	resolved
si-p01-L-r036	1	L	36	0	0	8	2831.58	5181.06	3540.07	o	2831.58	5181.06	3540.07	resolved	resolved
si-p01-L-r037	1	L	37	2	2	8	383429.06	394630.94	18474.78	o	383429.06	394630.94	18474.78	resolved	resolved
si-p01-L-r038	1	L	38	0	4	8	1144764.63	1269714.38	14632.97	o	1144764.63	1269714.38	14632.97	resolved	resolved
si-p01-L-r039	1	L	39	2	4	8	12625.73	12519.12	3540.94	o	12625.73	12519.12	3540.94	resolved	resolved
si-p01-L-r040	1	L	40	4	4	8	2167306	2189488	109291.23	o	2167306.0	2189488.0	109291.23	resolved	resolved
si-p01-R-r001	1	R	1	2	6	8	968684.56	934568.56	20714.74	o	968684.56	934568.56	20714.74	resolved	resolved
si-p01-R-r002	1	R	2	4	6	8	54616	59304.87	3788.67	o	54616.0	59304.87	3788.67	resolved	resolved
si-p01-R-r003	1	R	3	6	6	8	124994.52	109688.48	4658.19	o	124994.52	109688.48	4658.19	resolved	resolved
si-p01-R-r004	1	R	4	0	8	8	6293871.5	7644694.5	32910.57	o	6293871.5	7644694.5	32910.57	resolved	resolved
si-p01-R-r005	1	R	5	2	8	8	3882.68	16532.77	5239.26	o	3882.68	16532.77	5239.26	resolved	resolved
si-p01-R-r006	1	R	6	4	8	8	8305.03	14321.87	5589.02	o	8305.03	14321.87	5589.02	resolved	resolved
si-p01-R-r007	1	R	7	6	8	8	36308.02	58249.18	6407.41	o	36308.02	58249.18	6407.41	resolved	resolved
si-p01-R-r008	1	R	8	8	8	8	209083.84	220018.02	8529.64	o	209083.84	220018.02	8529.64	resolved	resolved
si-p01-R-r009	1	R	9	1	1	9	402321.44	432515	5781.17	o	402321.44	432515.0	5781.17	resolved	resolved
si-p01-R-r010	1	R	10	1	3	9	36779.91	43443.58	3707.84	o	36779.91	43443.58	3707.84	resolved	resolved
si-p01-R-r011	1	R	11	3	3	9	35755.84	41668.57	3665.72	o	35755.84	41668.57	3665.72	resolved	resolved
si-p01-R-r012	1	R	12	1	5	9	278057.5	277371	5377.69	o	278057.5	277371.0	5377.69	resolved	resolved
si-p01-R-r013	1	R	13	3	5	9	134437.19	111928.27	4201.29	o	134437.19	111928.27	4201.29	resolved	resolved
si-p01-R-r014	1	R	14	5	5	9	378.48	4598.57	3622.12	o	378.48	4598.57	3622.12	resolved	resolved
si-p01-R-r015	1	R	15	1	7	9	1039527.81	1063283.25	13797.42	o	1039527.81	1063283.25	13797.42	resolved	resolved
si-p01-R-r016	1	R	16	3	7	9	327848.5	339400.19	7207.67	o	327848.5	339400.19	7207.67	resolved	resolved
si-p01-R-r017	1	R	17	5	7	9	33785.16	35320.67	4036.34	o	33785.16	35320.67	4036.34	resolved	resolved
si-p01-R-r018	1	R	18	7	7	9	1593.95	9255.53	4116.13	o	1593.95	9255.53	4116.13	resolved	resolved
si-p01-R-r019	1	R	19	1	9	9	619248.94	603141.31	10835.58	o	619248.94	603141.31	10835.58	resolved	resolved
si-p01-R-r020	1	R	20	3	9	9	56126.68	70040.24	6409.67	o	56126.68	70040.24	6409.67	resolved	resolved
si-p01-R-r021	1	R	21	5	9	9	436064.75	445919.34	10206.52	o	436064.75	445919.34	10206.52	resolved	resolved
si-p01-R-r022	1	R	22	7	9	9	114565.7	111392.86	7348.43	o	114565.7	111392.86	7348.43	resolved	resolved
si-p01-R-r023	1	R	23	9	9	9	556129.13	605461.19	12095.13	o	556129.13	605461.19	12095.13	resolved	resolved
si-p01-R-r024	1	R	24	0	2	10	105877.99	122184.49	4166.94	o	105877.99	122184.49	4166.94	resolved	resolved
si-p01-R-r025	1	R	25	2	2	10	2171452	2154551	67846.28	o	2171452.0	2154551.0	67846.28	resolved	resolved
si-p01-R-r026	1	R	26	2	4	10	109364.88	125224.19	9977.71	o	109364.88	125224.19	9977.71	resolved	resolved
si-p01-R-r027	1	R	27	4	4	10	474471.25	441660.63	25219.46	o	474471.25	441660.63	25219.46	resolved	resolved
si-p01-R-r028	1	R	28	0	6	10	1314863.13	1335811.75	54094.69	o	1314863.13	1335811.75	54094.69	resolved	resolved
si-p01-R-r029	1	R	29	2	6	10	359779.44	394303.91	15186.52	o	359779.44	394303.91	15186.52	resolved	resolved
si-p01-R-r030	1	R	30	4	6	10	41229.42	43923.38	4284.12	o	41229.42	43923.38	4284.12	resolved	resolved
si-p01-R-r031	1	R	31	6	6	10	1362657.75	1333499	64071.95	o	1362657.75	1333499.0	64071.95	resolved	resolved
si-p01-R-r032	1	R	32	2	8	10	205188.25	190175.77	13965.26	o	205188.25	190175.77	13965.26	resolved	resolved
si-p01-R-r033	1	R	33	4	8	10	577.74	2329.56	8789.69	o	577.74	2329.56	8789.69	resolved	resolved
si-p01-R-r034	1	R	34	6	8	10	2165.53	6755.88	4278.44	o	2165.53	6755.88	4278.44	resolved	resolved
si-p01-R-r035	1	R	35	8	8	10	7594.65	107041.3	60836.11	o	7594.65	107041.3	60836.11	resolved	resolved
si-p01-R-r036	1	R	36	0	10	10	2179292.5	2414751.75	20760.64	o	2179292.5	2414751.75	20760.64	resolved	resolved
si-p01-R-r037	1	R	37	2	10	10	258655.64	284491	9003.62	o	258655.64	284491.0	9003.62	resolved	resolved
si-p01-R-r038	1	R	38	4	10	10	637.09	-2910.49	6170.24	o	637.09	-2910.49	6170.24	resolved	resolved
si-p01-R-r039	1	R	39	6	10	10	1433347.75	1425741.38	17260.79	o	1433347.75	1425741.38	17260.79	resolved	resolved
si-p01-R-r040	1	R	40	8	10	10	362714.72	341092.16	10768.87	o	362714.72	341092.16	10768.87	resolved	resolved
si-p02-L-r001	2	L	1	10	10	10	648959.69	595533.75	13158.37	o	648959.69	595533.75	13158.37	resolved	resolved
si-p02-L-r002	2	L	2	1	1	11	69017.3	64162.49	4037.22	o	69017.3	64162.49	4037.22	resolved	resolved
si-p02-L-r003	2	L	3	1	3	11	74267.63	75490.81	4163.07	o	74267.63	75490.81	4163.07	resolved	resolved
si-p02-L-r004	2	L	4	3	3	11	1201047.75	1188250.75	54616.08	o	1201047.75	1188250.75	54616.08	resolved	resolved
si-p02-L-r005	2	L	5	1	5	11	546934.38	556832.25	21653.34	o	546934.38	556832.25	21653.34	resolved	resolved
si-p02-L-r006	2	L	6	3	5	11	157637.34	157078.42	15355.86	o	157637.34	157078.42	15355.86	resolved	resolved
si-p02-L-r007	2	L	7	5	5	11	306612.66	293265.06	15395.78	o	306612.66	293265.06	15395.78	resolved	resolved
si-p02-L-r008	2	L	8	1	7	11	59323.6	34105.14	63168.15	o	59323.6	34105.14	63168.15	resolved	resolved
si-p02-L-r009	2	L	9	3	7	11	191552.08	197111.58	5737.09	o	191552.08	197111.58	5737.09	resolved	resolved
si-p02-L-r010	2	L	10	5	7	11	139985.63	158170.83	11611.82	o	139985.63	158170.83	11611.82	resolved	resolved
si-p02-L-r011	2	L	11	7	7	11	34636.63	40064.32	7571.51	o	34636.63	40064.32	7571.51	resolved	resolved
si-p02-L-r012	2	L	12	1	9	11	163515.55	171259.03	12374.75	o	163515.55	171259.03	12374.75	resolved	resolved
si-p02-L-r013	2	L	13	3	9	11	39978.97	51774.99	10950.66	o	39978.97	51774.99	10950.66	resolved	resolved
si-p02-L-r014	2	L	14	5	9	11	17462.77	30471.94	4691.41	o	17462.77	30471.94	4691.41	resolved	resolved
si-p02-L-r015	2	L	15	7	9	11	42777.28	55472.11	5766.51	o	42777.28	55472.11	5766.51	resolved	resolved
si-p02-L-r016	2	L	16	9	9	11	63121.21	65911.3	5887.43	o	63121.21	65911.3	5887.43	resolved	resolved
si-p02-L-r017	2	L	17	1	11	11	1843821.25	2003397.13	20235.13	o	1843821.25	2003397.13	20235.13	resolved	resolved
si-p02-L-r018	2	L	18	3	11	11	145666.02	154950.78	8400.95	o	145666.02	154950.78	8400.95	resolved	resolved
si-p02-L-r019	2	L	19	5	11	11	1088029.13	1121734.13	16443.9	o	1088029.13	1121734.13	16443.9	resolved	resolved
si-p02-L-r020	2	L	20	7	11	11	102.01	28289.73	7916.47	o	102.01	28289.73	7916.47	resolved	resolved
si-p02-L-r021	2	L	21	9	11	11	3.3	-7916.46	7916.45	o	3.3	-7916.46	7916.45	resolved	resolved
si-p02-L-r022	2	L	22	11	11	11	1890670.25	1904067.5	22417.63	o	1890670.25	1904067.5	22417.63	resolved	resolved
si-p02-L-r023	2	L	23	0	0	12	43689.72	54782.39	5534.74	o	43689.72	54782.39	5534.74	resolved	resolved
si-p02-L-r024	2	L	24	2	2	12	89198.26	83595.64	13294.91	o	89198.26	83595.64	13294.91	resolved	resolved
si-p02-L-r025	2	L	25	0	4	12	922136.44	877446.88	30146.92	o	922136.44	877446.88	30146.92	resolved	resolved
si-p02-L-r026	2	L	26	2	4	12	1079223.5	1024147.25	29989.64	o	1079223.5	1024147.25	29989.64	resolved	resolved
si-p02-L-r027	2	L	27	4	4	12	353605.66	381408.22	15817.76	o	353605.66	381408.22	15817.76	resolved	resolved
si-p02-L-r028	2	L	28	2	6	12	202793.2	190605.41	5616.23	o	202793.2	190605.41	5616.23	resolved	resolved
si-p02-L-r029	2	L	29	4	6	12	541828.75	536729.75	32961.09	o	541828.75	536729.75	32961.09	resolved	resolved
si-p02-L-r030	2	L	30	6	6	12	472.32	6354.56	4443.04	o	472.32	6354.56	4443.04	resolved	resolved
si-p02-L-r031	2	L	31	0	8	12	324664.22	339505.94	19431.03	o	324664.22	339505.94	19431.03	resolved	resolved
si-p02-L-r032	2	L	32	2	8	12	68054.94	61019.52	5067.95	o	68054.94	61019.52	5067.95	resolved	resolved
si-p02-L-r033	2	L	33	4	8	12	368237.59	353500.47	14932.11	o	368237.59	353500.47	14932.11	resolved	resolved
si-p02-L-r034	2	L	34	6	8	12	5339.04	12282.67	6869.26	o	5339.04	12282.67	6869.26	resolved	resolved
si-p02-L-r035	2	L	35	8	8	12	936839.56	991850.06	47624.11	o	936839.56	991850.06	47624.11	resolved	resolved
si-p02-L-r036	2	L	36	2	10	12	25367.23	25528.39	4981.83	o	25367.23	25528.39	4981.83	resolved	resolved
si-p02-L-r037	2	L	37	4	10	12	288065.72	281428.78	8126.37	o	288065.72	281428.78	8126.37	resolved	resolved
si-p02-L-r038	2	L	38	6	10	12	351367.44	370341.91	16557.82	o	351367.44	370341.91	16557.82	resolved	resolved
si-p02-L-r039	2	L	39	8	10	12	3610	13265.37	6810.82	o	3610.0	13265.37	6810.82	resolved	resolved
si-p02-L-r040	2	L	40	10	10	12	258442.38	251499.55	7805.66	o	258442.38	251499.55	7805.66	resolved	resolved
si-p02-L-r041	2	L	41	0	12	12	4649976.5	5337097.5	34100.09	o	4649976.5	5337097.5	34100.09	resolved	resolved
si-p02-L-r042	2	L	42	2	12	12	489653.69	474683.16	12426.87	o	489653.69	474683.16	12426.87	resolved	resolved
si-p02-L-r043	2	L	43	4	12	12	78655.88	61070.89	8624.51	o	78655.88	61070.89	8624.51	resolved	resolved
si-p02-L-r044	2	L	44	6	12	12	672816.44	640062.13	14098.29	o	672816.44	640062.13	14098.29	resolved	resolved
si-p02-L-r045	2	L	45	8	12	12	380043.63	343043.41	11933.98	o	380043.63	343043.41	11933.98	resolved	resolved
si-p02-R-r001	2	R	1	10	12	12	409062.72	357603.22	12871.84	o	409062.72	357603.22	12871.84	resolved	resolved
si-p02-R-r002	2	R	2	12	12	12	99351.95	116323.99	10839.81	o	99351.95	116323.99	10839.81	resolved	resolved
si-p02-R-r003	2	R	3	1	1	13	119962.98	132104.78	5032.69	o	119962.98	132104.78	5032.69	resolved	resolved
si-p02-R-r004	2	R	4	1	3	13	147158.11	132314.28	5075.68	o	147158.11	132314.28	5075.68	resolved	resolved
si-p02-R-r005	2	R	5	3	3	13	277339.22	259426.06	8774.27	o	277339.22	259426.06	8774.27	resolved	resolved
si-p02-R-r006	2	R	6	1	5	13	9253.42	8473.55	4361.35	o	9253.42	8473.55	4361.35	resolved	resolved
si-p02-R-r007	2	R	7	3	5	13	617124.13	628896	47702.39	o	617124.13	628896.0	47702.39	resolved	resolved
si-p02-R-r008	2	R	8	5	5	13	108507.81	95950.38	5358.46	o	108507.81	95950.38	5358.46	resolved	resolved
si-p02-R-r009	2	R	9	1	7	13	9711.05	25201.01	9780.71	o	9711.05	25201.01	9780.71	resolved	resolved
si-p02-R-r010	2	R	10	3	7	13	104.64	323.39	8731.4	o	104.64	323.39	8731.4	resolved	resolved
si-p02-R-r011	2	R	11	5	7	13	310289.91	316719.19	9241.66	o	310289.91	316719.19	9241.66	resolved	resolved
si-p02-R-r012	2	R	12	7	7	13	99503.38	114282.88	8686.1	o	99503.38	114282.88	8686.1	resolved	resolved
si-p02-R-r013	2	R	13	1	9	13	17612.17	23876.35	4938.5	o	17612.17	23876.35	4938.5	resolved	resolved
si-p02-R-r014	2	R	14	3	9	13	121724.2	132839.94	6061.31	o	121724.2	132839.94	6061.31	resolved	resolved
si-p02-R-r015	2	R	15	5	9	13	257407.95	248745.42	21093.32	o	257407.95	248745.42	21093.32	resolved	resolved
si-p02-R-r016	2	R	16	7	9	13	137121.67	140507.19	6556.81	o	137121.67	140507.19	6556.81	resolved	resolved
si-p02-R-r017	2	R	17	9	9	13	269.35	1181.53	5803.16	o	269.35	1181.53	5803.16	resolved	resolved
si-p02-R-r018	2	R	18	1	11	13	11436.12	15253.33	6869.82	o	11436.12	15253.33	6869.82	resolved	resolved
si-p02-R-r019	2	R	19	3	11	13	193945.03	186534.63	6971.91	o	193945.03	186534.63	6971.91	resolved	resolved
si-p02-R-r020	2	R	20	5	11	13	22002.03	18131.82	11179.58	o	22002.03	18131.82	11179.58	resolved	resolved
si-p02-R-r021	2	R	21	7	11	13	286916.47	268782.19	8015.72	o	286916.47	268782.19	8015.72	resolved	resolved
si-p02-R-r022	2	R	22	9	11	13	45351.4	38621.86	6465.52	o	45351.4	38621.86	6465.52	resolved	resolved
si-p02-R-r023	2	R	23	11	11	13	742.03	1483.02	6297.15	o	742.03	1483.02	6297.15	resolved	resolved
si-p02-R-r024	2	R	24	1	13	13	168098.91	161835.8	9917.84	o	168098.91	161835.8	9917.84	resolved	resolved
si-p02-R-r025	2	R	25	3	13	13	355180.91	338965.88	12047.44	o	355180.91	338965.88	12047.44	resolved	resolved
si-p02-R-r026	2	R	26	5	13	13	574165.63	588293.13	14308.57	o	574165.63	588293.13	14308.57	resolved	resolved
si-p02-R-r027	2	R	27	7	13	13	29127.35	25505	8851.05	o	29127.35	25505.0	8851.05	resolved	resolved
si-p02-R-r028	2	R	28	9	13	13	92252.16	3613.02	12820.39	o	92252.16	3613.02	12820.39	resolved	resolved
si-p02-R-r029	2	R	29	11	13	13	312832	284395.34	12502.18	o	312832.0	284395.34	12502.18	resolved	resolved
si-p02-R-r030	2	R	30	13	13	13	160688.69	160828.84	10846.33	o	160688.69	160828.84	10846.33	resolved	resolved
si-p02-R-r031	2	R	31	0	2	14	234620.92	224985.97	10344.51	o	234620.92	224985.97	10344.51	resolved	resolved
si-p02-R-r032	2	R	32	2	2	14	141372.5	144263.06	5446.2	o	141372.5	144263.06	5446.2	resolved	resolved
si-p02-R-r033	2	R	33	2	4	14	92731.01	83581.01	5194.14	o	92731.01	83581.01	5194.14	resolved	resolved
si-p02-R-r034	2	R	34	4	4	14	345219.97	337428.22	24057.01	o	345219.97	337428.22	24057.01	resolved	resolved
si-p02-R-r035	2	R	35	0	6	14	39188.49	47111.27	4900.61	o	39188.49	47111.27	4900.61	resolved	resolved
si-p02-R-r036	2	R	36	2	6	14	478009.22	510156.31	20586	o	478009.22	510156.31	20586.0	resolved	resolved
si-p02-R-r037	2	R	37	4	6	14	210250.97	239103.64	6435.55	o	210250.97	239103.64	6435.55	resolved	resolved
si-p02-R-r038	2	R	38	6	6	14	70616.98	67060.09	14043.23	o	70616.98	67060.09	14043.23	resolved	resolved
si-p02-R-r039	2	R	39	2	8	14	103226.23	105233.75	8978.15	o	103226.23	105233.75	8978.15	resolved	resolved
si-p02-R-r040	2	R	40	4	8	14	7.24	-4491.35	14377.68	o	7.24	-4491.35	14377.68	resolved	resolved
si-p02-R-r041	2	R	41	6	8	14	1155017	1176772.25	31473.83	o	1155017.0	1176772.25	31473.83	resolved	resolved
si-p02-R-r042	2	R	42	8	8	14	42.79	-302.17	5595.97	o	42.79	-302.17	5595.97	resolved	resolved
si-p02-R-r043	2	R	43	0	10	14	220881.55	225946.2	33225.34	o	220881.55	225946.2	33225.34	resolved	resolved
si-p02-R-r044	2	R	44	2	10	14	1014615.5	1039699.56	22494.73	o	1014615.5	1039699.56	22494.73	resolved	resolved
si-p02-R-r045	2	R	45	4	10	14	11376.23	9953.64	5596.85	o	11376.23	9953.64	5596.85	resolved	resolved
si-p03-L-r001	3	L	1	6	10	14	105381.38	111658.34	10725.76	o	105381.38	111658.34	10725.76	resolved	resolved
si-p03-L-r002	3	L	2	8	10	14	161440.83	150314.38	7176.92	o	161440.83	150314.38	7176.92	resolved	resolved
si-p03-L-r003	3	L	3	10	10	14	143244.86	147149.45	8980.23	o	143244.86	147149.45	8980.23	resolved	resolved
si-p03-L-r004	3	L	4	2	12	14	44175.73	42480.14	6132.74	o	44175.73	42480.14	6132.74	resolved	resolved
si-p03-L-r005	3	L	5	4	12	14	476686.25	449163.28	9277.28	o	476686.25	449163.28	9277.28	resolved	resolved
si-p03-L-r006	3	L	6	6	12	14	75324.49	77437.16	11419.98	o	75324.49	77437.16	11419.98	resolved	resolved
si-p03-L-r007	3	L	7	8	12	14	34571.34	28699.82	6543.76	o	34571.34	28699.82	6543.76	resolved	resolved
si-p03-L-r008	3	L	8	10	12	14	4325.08	5905.5	6709.07	o	4325.08	5905.5	6709.07	resolved	resolved
si-p03-L-r009	3	L	9	12	12	14	280790.78	254890.42	8792.51	o	280790.78	254890.42	8792.51	resolved	resolved
si-p03-L-r010	3	L	10	0	14	14	46520.77	58243.16	9202.42	o	46520.77	58243.16	9202.42	resolved	resolved
si-p03-L-r011	3	L	11	2	14	14	19872.96	33886.17	8966.44	o	19872.96	33886.17	8966.44	resolved	resolved
si-p03-L-r012	3	L	12	4	14	14	173392.61	173133.36	10966.67	o	173392.61	173133.36	10966.67	resolved	resolved
si-p03-L-r013	3	L	13	6	14	14	26622	29579.77	10131.65	o	26622.0	29579.77	10131.65	resolved	resolved
si-p03-L-r014	3	L	14	8	14	14	13351.63	7684.82	9198.5	o	13351.63	7684.82	9198.5	resolved	resolved
si-p03-L-r015	3	L	15	10	14	14	477913.81	470526.41	14396.7	o	477913.81	470526.41	14396.7	resolved	resolved
si-p03-L-r016	3	L	16	12	14	14	30138.62	20612.83	9665.9	o	30138.62	20612.83	9665.9	resolved	resolved
si-p03-L-r017	3	L	17	14	14	14	8902.15	28874.46	8732.2	o	8902.15	28874.46	8732.2	resolved	resolved
si-p03-L-r018	3	L	18	1	1	15	531971.38	484654.31	11095.85	o	531971.38	484654.31	11095.85	resolved	resolved
si-p03-L-r019	3	L	19	1	3	15	25139.31	19003.54	4734.77	o	25139.31	19003.54	4734.77	resolved	resolved
si-p03-L-r020	3	L	20	3	3	15	509515.38	541508.25	14257.32	o	509515.38	541508.25	14257.32	resolved	resolved
si-p03-L-r021	3	L	21	1	5	15	8409.57	13331.64	4857.53	o	8409.57	13331.64	4857.53	resolved	resolved
si-p03-L-r022	3	L	22	3	5	15	57282.38	62139.78	12059.8	o	57282.38	62139.78	12059.8	resolved	resolved
si-p03-L-r023	3	L	23	5	5	15	62378.19	59756.11	5643.68	o	62378.19	59756.11	5643.68	resolved	resolved
si-p03-L-r024	3	L	24	1	7	15	105688.63	116332.25	6059.56	o	105688.63	116332.25	6059.56	resolved	resolved
si-p03-L-r025	3	L	25	3	7	15	7473.12	16080.63	5996.2	o	7473.12	16080.63	5996.2	resolved	resolved
si-p03-L-r026	3	L	26	5	7	15	55546.83	54880.63	7107.13	o	55546.83	54880.63	7107.13	resolved	resolved
si-p03-L-r027	3	L	27	7	7	15	501558.75	495127.16	35692.3	o	501558.75	495127.16	35692.3	resolved	resolved
si-p03-L-r028	3	L	28	1	9	15	343942.78	325247.56	8022.24	o	343942.78	325247.56	8022.24	resolved	resolved
si-p03-L-r029	3	L	29	3	9	15	3530.78	-1552.61	10594.6	o	3530.78	-1552.61	10594.6	resolved	resolved
si-p03-L-r030	3	L	30	5	9	15	361310.97	375287.53	8436.47	o	361310.97	375287.53	8436.47	resolved	resolved
si-p03-L-r031	3	L	31	7	9	15	631833.25	626560.13	17959.09	o	631833.25	626560.13	17959.09	resolved	resolved
si-p03-L-r032	3	L	32	9	9	15	378949.44	353622.94	14153.79	o	378949.44	353622.94	14153.79	resolved	resolved
si-p03-L-r033	3	L	33	1	11	15	18913.26	33069.66	5928.55	o	18913.26	33069.66	5928.55	resolved	resolved
si-p03-L-r034	3	L	34	3	11	15	233302.39	234088.67	7800.09	o	233302.39	234088.67	7800.09	resolved	resolved
si-p03-L-r035	3	L	35	5	11	15	98270.93	102637.58	14162.7	o	98270.93	102637.58	14162.7	resolved	resolved
si-p03-L-r036	3	L	36	7	11	15	2532.13	6332.45	6294.07	o	2532.13	6332.45	6294.07	resolved	resolved
si-p03-L-r037	3	L	37	9	11	15	48889.25	54550.3	6792.06	o	48889.25	54550.3	6792.06	resolved	resolved
si-p03-L-r038	3	L	38	11	11	15	193988.39	221198.13	23861.01	o	193988.39	221198.13	23861.01	resolved	resolved
si-p03-L-r039	3	L	39	1	13	15	5081.37	17868.38	6419.81	o	5081.37	17868.38	6419.81	resolved	resolved
si-p03-L-r040	3	L	40	3	13	15	172945.56	189692.3	11841.75	o	172945.56	189692.3	11841.75	resolved	resolved
si-p03-L-r041	3	L	41	5	13	15	34697.09	37720.29	6833.98	o	34697.09	37720.29	6833.98	resolved	resolved
si-p03-L-r042	3	L	42	7	13	15	664.51	11664.63	6544.13	o	664.51	11664.63	6544.13	resolved	resolved
si-p03-L-r043	3	L	43	9	13	15	960.22	2773.04	6379.49	o	960.22	2773.04	6379.49	resolved	resolved
si-p03-L-r044	3	L	44	11	13	15	42001.35	39892.94	6751.9	o	42001.35	39892.94	6751.9	resolved	resolved
si-p03-L-r045	3	L	45	13	13	15	37515.7	45683.23	9084.27	o	37515.7	45683.23	9084.27	resolved	resolved
si-p03-R-r001	3	R	1	1	15	15	202821.38	201417.17	11552.9	o	202821.38	201417.17	11552.9	resolved	resolved
si-p03-R-r002	3	R	2	3	15	15	145638.31	141222.2	11311.77	o	145638.31	141222.2	11311.77	resolved	resolved
si-p03-R-r003	3	R	3	5	15	15	38939.66	41579.98	9317.64	o	38939.66	41579.98	9317.64	resolved	resolved
si-p03-R-r004	3	R	4	7	15	15	26455.16	21543.82	9199.79	o	26455.16	21543.82	9199.79	resolved	resolved
si-p03-R-r005	3	R	5	9	15	15	1969.21	-1164.21	8847.99	o	1969.21	-1164.21	8847.99	resolved	resolved
si-p03-R-r006	3	R	6	11	15	15	25319.25	36215.85	9432.42	o	25319.25	36215.85	9432.42	resolved	resolved
si-p03-R-r007	3	R	7	13	15	15	26532.53	38894.32	9781.8	o	26532.53	38894.32	9781.8	resolved	resolved
si-p03-R-r008	3	R	8	15	15	15	409679.56	421030.94	15195.45	o	409679.56	421030.94	15195.45	resolved	resolved
si-p03-R-r009	3	R	9	0	0	16	5230519.5	5407955	74414	o	5230519.5	5407955.0	74414.0	resolved	resolved
si-p03-R-r010	3	R	10	2	2	16	589741.13	559878.19	19144.06	o	589741.13	559878.19	19144.06	resolved	resolved
si-p03-R-r011	3	R	11	0	4	16	325688.09	364090.16	16669.71	o	325688.09	364090.16	16669.71	resolved	resolved
si-p03-R-r012	3	R	12	2	4	16	8895.09	7583.66	5267.26	o	8895.09	7583.66	5267.26	resolved	resolved
si-p03-R-r013	3	R	13	4	4	16	670489.94	675992.94	28680.22	o	670489.94	675992.94	28680.22	resolved	resolved
si-p03-R-r014	3	R	14	2	6	16	9863.73	27956.22	5598.57	o	9863.73	27956.22	5598.57	resolved	resolved
si-p03-R-r015	3	R	15	4	6	16	6214.34	7917.15	13505.72	o	6214.34	7917.15	13505.72	resolved	resolved
si-p03-R-r016	3	R	16	6	6	16	142510.45	182563.89	8165.08	o	142510.45	182563.89	8165.08	resolved	resolved
si-p03-R-r017	3	R	17	0	8	16	58030.75	54807.14	8214.06	o	58030.75	54807.14	8214.06	resolved	resolved
si-p03-R-r018	3	R	18	2	8	16	11887.27	39494.31	9489.65	o	11887.27	39494.31	9489.65	resolved	resolved
si-p03-R-r019	3	R	19	4	8	16	203.87	66.28	5627.7	o	203.87	66.28	5627.7	resolved	resolved
si-p03-R-r020	3	R	20	6	8	16	1732.81	-822.08	8207.69	o	1732.81	-822.08	8207.69	resolved	resolved
si-p03-R-r021	3	R	21	8	8	16	2972487.5	3008076	147578.5	o	2972487.5	3008076.0	147578.5	resolved	resolved
si-p03-R-r022	3	R	22	2	10	16	17161.4	18465.11	6091.39	o	17161.4	18465.11	6091.39	resolved	resolved
si-p03-R-r023	3	R	23	4	10	16	9402.24	8092.06	6092.44	o	9402.24	8092.06	6092.44	resolved	resolved
si-p03-R-r024	3	R	24	6	10	16	221017.25	213418.2	9514.35	o	221017.25	213418.2	9514.35	resolved	resolved
si-p03-R-r025	3	R	25	8	10	16	3901.91	8301.92	6414.96	o	3901.91	8301.92	6414.96	resolved	resolved
si-p03-R-r026	3	R	26	10	10	16	563756.38	566514.75	17284.68	o	563756.38	566514.75	17284.68	resolved	resolved
si-p03-R-r027	3	R	27	0	12	16	25999.3	42197.85	6463.84	o	25999.3	42197.85	6463.84	resolved	resolved
si-p03-R-r028	3	R	28	2	12	16	6936.72	19551.08	6694.64	o	6936.72	19551.08	6694.64	resolved	resolved
si-p03-R-r029	3	R	29	4	12	16	198102.31	194278.75	8085.6	o	198102.31	194278.75	8085.6	resolved	resolved
si-p03-R-r030	3	R	30	6	12	16	8644.45	-6004.99	6782.77	o	8644.45	-6004.99	6782.77	resolved	resolved
si-p03-R-r031	3	R	31	8	12	16	118941.27	134838.48	10375.55	o	118941.27	134838.48	10375.55	resolved	resolved
si-p03-R-r032	3	R	32	10	12	16	2067.59	2941.37	6211.65	o	2067.59	2941.37	6211.65	resolved	resolved
si-p03-R-r033	3	R	33	12	12	16	448302.53	442547.84	10130.78	o	448302.53	442547.84	10130.78	resolved	resolved
si-p03-R-r034	3	R	34	2	14	16	558134.31	593562.38	11893.45	o	558134.31	593562.38	11893.45	resolved	resolved
si-p03-R-r035	3	R	35	4	14	16	5830.44	6822.96	6419.91	o	5830.44	6822.96	6419.91	resolved	resolved
si-p03-R-r036	3	R	36	6	14	16	963.92	7443.2	6254.79	o	963.92	7443.2	6254.79	resolved	resolved
si-p03-R-r037	3	R	37	8	14	16	2666.2	4424.03	6195.35	o	2666.2	4424.03	6195.35	resolved	resolved
si-p03-R-r038	3	R	38	10	14	16	6698.63	12433.5	16590.82	o	6698.63	12433.5	16590.82	resolved	resolved
si-p03-R-r039	3	R	39	12	14	16	181.24	8109.72	6167.45	o	181.24	8109.72	6167.45	resolved	resolved
si-p03-R-r040	3	R	40	14	14	16	417674.31	401820.44	19523.23	o	417674.31	401820.44	19523.23	resolved	resolved
si-p03-R-r041	3	R	41	0	16	16	751627	752452.44	16786.38	o	751627.0	752452.44	16786.38	resolved	resolved
si-p03-R-r042	3	R	42	2	16	16	2910.42	5239	9197.35	o	2910.42	5239.0	9197.35	resolved	resolved
si-p03-R-r043	3	R	43	4	16	16	157157.86	152304.36	10962.18	o	157157.86	152304.36	10962.18	resolved	resolved
si-p03-R-r044	3	R	44	6	16	16	1087.96	13737.54	8847.91	o	1087.96	13737.54	8847.91	resolved	resolved
si-p03-R-r045	3	R	45	8	16	16	151.8	-7683.63	9313.49	o	151.8	-7683.63	9313.49	resolved	resolved
si-p04-L-r001	4	L	1	10	16	16	814.5	-9313.55	9429.97	o	814.5	-9313.55	9429.97	resolved	resolved
si-p04-L-r002	4	L	2	12	16	16	98034.78	90662.19	11070.58	o	98034.78	90662.19	11070.58	resolved	resolved
si-p04-L-r003	4	L	3	14	16	16	3438.08	13621.41	9663.05	o	3438.08	13621.41	9663.05	resolved	resolved
si-p04-L-r004	4	L	4	16	16	16	291433.28	269658.69	13541.3	o	291433.28	269658.69	13541.3	resolved	resolved
si-p04-L-r005	4	L	5	1	1	17	895159.13	912539.56	38556.16	o	895159.13	912539.56	38556.16	resolved	resolved
si-p04-L-r006	4	L	6	1	3	17	115593.25	135970.91	6386.7	o	115593.25	135970.91	6386.7	resolved	resolved
si-p04-L-r007	4	L	7	3	3	17	45118.02	54706.5	5846.7	o	45118.02	54706.5	5846.7	resolved	resolved
si-p04-L-r008	4	L	8	1	5	17	63.08	-1927.47	5473.84	o	63.08	-1927.47	5473.84	resolved	resolved
si-p04-L-r009	4	L	9	3	5	17	20683.65	26897.79	5674.55	o	20683.65	26897.79	5674.55	resolved	resolved
si-p04-L-r010	4	L	10	5	5	17	140860.8	182179.92	20994.85	o	140860.8	182179.92	20994.85	resolved	resolved
si-p04-L-r011	4	L	11	1	7	17	135324.19	154311.92	7114.39	o	135324.19	154311.92	7114.39	resolved	resolved
si-p04-L-r012	4	L	12	3	7	17	42227.03	44563.86	6258.22	o	42227.03	44563.86	6258.22	resolved	resolved
si-p04-L-r013	4	L	13	5	7	17	52653.94	55739.05	6548.55	o	52653.94	55739.05	6548.55	resolved	resolved
si-p04-L-r014	4	L	14	7	7	17	130999.47	129963.74	7337.21	o	130999.47	129963.74	7337.21	resolved	resolved
si-p04-L-r015	4	L	15	1	9	17	74188.43	66925.19	7108.3	o	74188.43	66925.19	7108.3	resolved	resolved
si-p04-L-r016	4	L	16	3	9	17	465479.56	481225.88	12003.4	o	465479.56	481225.88	12003.4	resolved	resolved
si-p04-L-r017	4	L	17	5	9	17	149692.39	163677.61	8631.06	o	149692.39	163677.61	8631.06	resolved	resolved
si-p04-L-r018	4	L	18	7	9	17	444857.06	454255.06	9927.6	o	444857.06	454255.06	9927.6	resolved	resolved
si-p04-L-r019	4	L	19	9	9	17	279370.16	295069.38	11388.05	o	279370.16	295069.38	11388.05	resolved	resolved
si-p04-L-r020	4	L	20	1	11	17	61243.5	79412.84	6918.63	o	61243.5	79412.84	6918.63	resolved	resolved
si-p04-L-r021	4	L	21	3	11	17	21347.95	38542.11	6832.87	o	21347.95	38542.11	6832.87	resolved	resolved
si-p04-L-r022	4	L	22	5	11	17	5730.73	11488.38	12341.2	o	5730.73	11488.38	12341.2	resolved	resolved
si-p04-L-r023	4	L	23	7	11	17	3132.45	13566.13	15251.38	o	3132.45	13566.13	15251.38	resolved	resolved
si-p04-L-r024	4	L	24	9	11	17	155121.58	162896.48	11953.84	o	155121.58	162896.48	11953.84	resolved	resolved
si-p04-L-r025	4	L	25	11	11	17	159592.42	160340.33	7746.34	o	159592.42	160340.33	7746.34	resolved	resolved
si-p04-L-r026	4	L	26	1	13	17	219763.06	242799.2	8812.11	o	219763.06	242799.2	8812.11	resolved	resolved
si-p04-L-r027	4	L	27	3	13	17	166887.45	190089.22	8121.38	o	166887.45	190089.22	8121.38	resolved	resolved
si-p04-L-r028	4	L	28	5	13	17	13656.39	22792.97	7801.25	o	13656.39	22792.97	7801.25	resolved	resolved
si-p04-L-r029	4	L	29	7	13	17	77.59	5971.4	6050.13	o	77.59	5971.4	6050.13	resolved	resolved
si-p04-L-r030	4	L	30	9	13	17	58589.93	47817.84	7207.26	o	58589.93	47817.84	7207.26	resolved	resolved
si-p04-L-r031	4	L	31	11	13	17	100.96	1685.47	8731.39	o	100.96	1685.47	8731.39	resolved	resolved
si-p04-L-r032	4	L	32	13	13	17	146049.09	156657.56	10726.41	o	146049.09	156657.56	10726.41	resolved	resolved
si-p04-L-r033	4	L	33	1	15	17	238818.06	255019.39	21244.19	o	238818.06	255019.39	21244.19	resolved	resolved
si-p04-L-r034	4	L	34	3	15	17	183535.66	182083.02	10382.17	o	183535.66	182083.02	10382.17	resolved	resolved
si-p04-L-r035	4	L	35	5	15	17	8740.41	1811.7	6459.22	o	8740.41	1811.7	6459.22	resolved	resolved
si-p04-L-r036	4	L	36	7	15	17	50810.97	43123.66	6918.65	o	50810.97	43123.66	6918.65	resolved	resolved
si-p04-L-r037	4	L	37	9	15	17	57891.83	52026.05	10949.93	o	57891.83	52026.05	10949.93	resolved	resolved
si-p04-L-r038	4	L	38	11	15	17	5402.99	9605.05	6668.31	o	5402.99	9605.05	6668.31	resolved	resolved
si-p04-L-r039	4	L	39	13	15	17	51498.2	67396.22	7803.98	o	51498.2	67396.22	7803.98	resolved	resolved
si-p04-L-r040	4	L	40	15	15	17	285496.84	259018.23	9946.21	o	285496.84	259018.23	9946.21	resolved	resolved
si-p04-L-r041	4	L	41	1	17	17	37857.14	31561.98	9899.51	o	37857.14	31561.98	9899.51	resolved	resolved
si-p04-L-r042	4	L	42	3	17	17	70876.01	80271.83	10135.92	o	70876.01	80271.83	10135.92	resolved	resolved
si-p04-L-r043	4	L	43	5	17	17	134797.02	131619.7	11541.5	o	134797.02	131619.7	11541.5	resolved	resolved
si-p04-L-r044	4	L	44	7	17	17	409133.66	414418.81	14729.69	o	409133.66	414418.81	14729.69	resolved	resolved
si-p04-L-r045	4	L	45	9	17	17	69866.34	78986.66	10601.46	o	69866.34	78986.66	10601.46	resolved	resolved
si-p04-R-r001	4	R	1	11	17	17	1808.84	3725.46	9546.48	o	1808.84	3725.46	9546.48	resolved	resolved
si-p04-R-r002	4	R	2	13	17	17	50569.71	57072.32	11297.99	o	50569.71	57072.32	11297.99	resolved	resolved
si-p04-R-r003	4	R	3	15	17	17	29189.59	20495.14	11062.72	o	29189.59	20495.14	11062.72	resolved	resolved
si-p04-R-r004	4	R	4	17	17	17	254473.34	239081.63	14118.54	o	254473.34	239081.63	14118.54	resolved	resolved
si-p04-R-r005	4	R	5	0	2	18	452932.5	410519.41	12591.91	o	452932.5	410519.41	12591.91	resolved	resolved
si-p04-R-r006	4	R	6	2	2	18	104272.34	133724.44	6553.3	o	104272.34	133724.44	6553.3	resolved	resolved
si-p04-R-r007	4	R	7	2	4	18	41650.93	44629.18	6214.94	o	41650.93	44629.18	6214.94	resolved	resolved
si-p04-R-r008	4	R	8	4	4	18	93608.01	75654.02	6548.99	o	93608.01	75654.02	6548.99	resolved	resolved
si-p04-R-r009	4	R	9	0	6	18	176182.14	184167.84	7341.92	o	176182.14	184167.84	7341.92	resolved	resolved
si-p04-R-r010	4	R	10	2	6	18	770157.31	756113.38	39623	o	770157.31	756113.38	39623.0	resolved	resolved
si-p04-R-r011	4	R	11	4	6	18	6498.4	12516.02	8673.9	o	6498.4	12516.02	8673.9	resolved	resolved
si-p04-R-r012	4	R	12	6	6	18	9852.29	26739.26	10187.87	o	9852.29	26739.26	10187.87	resolved	resolved
si-p04-R-r013	4	R	13	2	8	18	32747.95	42999.49	6871.51	o	32747.95	42999.49	6871.51	resolved	resolved
si-p04-R-r014	4	R	14	4	8	18	8960.63	15218.61	6502.46	o	8960.63	15218.61	6502.46	resolved	resolved
si-p04-R-r015	4	R	15	6	8	18	263170.38	246801.64	23240.91	o	263170.38	246801.64	23240.91	resolved	resolved
si-p04-R-r016	4	R	16	8	8	18	19827.72	21380.82	6792.63	o	19827.72	21380.82	6792.63	resolved	resolved
si-p04-R-r017	4	R	17	0	10	18	9892.57	24009.64	6380.19	o	9892.57	24009.64	6380.19	resolved	resolved
si-p04-R-r018	4	R	18	2	10	18	616450.5	629846.63	12314.37	o	616450.5	629846.63	12314.37	resolved	resolved
si-p04-R-r019	4	R	19	4	10	18	55362.96	49193	12872.71	o	55362.96	49193.0	12872.71	resolved	resolved
si-p04-R-r020	4	R	20	6	10	18	104606.81	92993.23	7291.08	o	104606.81	92993.23	7291.08	resolved	resolved
si-p04-R-r021	4	R	21	8	10	18	277931.81	277569.06	19736.72	o	277931.81	277569.06	19736.72	resolved	resolved
si-p04-R-r022	4	R	22	10	10	18	61152.88	47539.64	6753.3	o	61152.88	47539.64	6753.3	resolved	resolved
si-p04-R-r023	4	R	23	2	12	18	69285.22	53062.16	7167.58	o	69285.22	53062.16	7167.58	resolved	resolved
si-p04-R-r024	4	R	24	4	12	18	119347.93	118201.09	7417.52	o	119347.93	118201.09	7417.52	resolved	resolved
si-p04-R-r025	4	R	25	6	12	18	18265.01	20092	6295.16	o	18265.01	20092.0	6295.16	resolved	resolved
si-p04-R-r026	4	R	26	8	12	18	652.98	3143.32	6174.06	o	652.98	3143.32	6174.06	resolved	resolved
si-p04-R-r027	4	R	27	10	12	18	39814.28	37800.23	9957.99	o	39814.28	37800.23	9957.99	resolved	resolved
si-p04-R-r028	4	R	28	12	12	18	78645.47	73821.23	10078.34	o	78645.47	73821.23	10078.34	resolved	resolved
si-p04-R-r029	4	R	29	0	14	18	193180.56	200029.13	15633.31	o	193180.56	200029.13	15633.31	resolved	resolved
si-p04-R-r030	4	R	30	2	14	18	50650.67	56757.5	6877.2	o	50650.67	56757.5	6877.2	resolved	resolved
si-p04-R-r031	4	R	31	4	14	18	191661.83	200484	8205.16	o	191661.83	200484.0	8205.16	resolved	resolved
si-p04-R-r032	4	R	32	6	14	18	349289.56	355858.03	14606.71	o	349289.56	355858.03	14606.71	resolved	resolved
si-p04-R-r033	4	R	33	8	14	18	416.39	23365.5	7159.77	o	416.39	23365.5	7159.77	resolved	resolved
si-p04-R-r034	4	R	34	10	14	18	361917.25	351612.31	19455.3	o	361917.25	351612.31	19455.3	resolved	resolved
si-p04-R-r035	4	R	35	12	14	18	5656.93	8494.12	7043.71	o	5656.93	8494.12	7043.71	resolved	resolved
si-p04-R-r036	4	R	36	14	14	18	180.79	12706.88	6661.86	o	180.79	12706.88	6661.86	resolved	resolved
si-p04-R-r037	4	R	37	2	16	18	344781.69	356235.81	9707.31	o	344781.69	356235.81	9707.31	resolved	resolved
si-p04-R-r038	4	R	38	4	16	18	955.61	-5900.29	6584.14	o	955.61	-5900.29	6584.14	resolved	resolved
si-p04-R-r039	4	R	39	6	16	18	312907.06	323274.94	22073.6	o	312907.06	323274.94	22073.6	resolved	resolved
si-p04-R-r040	4	R	40	8	16	18	1420.4	5672.77	6626.49	o	1420.4	5672.77	6626.49	resolved	resolved
si-p04-R-r041	4	R	41	10	16	18	35415.35	32418.63	7534.59	o	35415.35	32418.63	7534.59	resolved	resolved
si-p04-R-r042	4	R	42	12	16	18	3778.48	556.39	15949.91	o	3778.48	556.39	15949.91	resolved	resolved
si-p04-R-r043	4	R	43	14	16	18	267494.66	265740.97	11087.27	o	267494.66	265740.97	11087.27	resolved	resolved
si-p04-R-r044	4	R	44	16	16	18	6066.63	19956.13	7367.72	o	6066.63	19956.13	7367.72	resolved	resolved
si-p04-R-r045	4	R	45	0	18	18	22094.92	29926.18	9897.76	o	22094.92	29926.18	9897.76	resolved	resolved
si-p05-L-r001	5	L	1	2	18	18	49567.49	48104.68	10249.91	o	49567.49	48104.68	10249.91	resolved	resolved
si-p05-L-r002	5	L	2	4	18	18	135.18	-6519.44	9895.58	o	135.18	-6519.44	9895.58	resolved	resolved
si-p05-L-r003	5	L	3	6	18	18	266960.19	281535.91	13656.59	o	266960.19	281535.91	13656.59	resolved	resolved
si-p05-L-r004	5	L	4	8	18	18	265.6	3026.89	9546.34	o	265.6	3026.89	9546.34	resolved	resolved
si-p05-L-r005	5	L	5	10	18	18	260141.08	257916.8	14121.24	o	260141.08	257916.8	14121.24	resolved	resolved
si-p05-L-r006	5	L	6	12	18	18	7134.01	12224.74	10361.92	o	7134.01	12224.74	10361.92	resolved	resolved
si-p05-L-r007	5	L	7	14	18	18	29317.05	18981.22	10946.22	o	29317.05	18981.22	10946.22	resolved	resolved
si-p05-L-r008	5	L	8	16	18	18	331.41	-8964.25	10710.53	o	331.41	-8964.25	10710.53	resolved	resolved
si-p05-L-r009	5	L	9	18	18	18	23417.71	36795.57	11178.4	o	23417.71	36795.57	11178.4	resolved	resolved
si-p05-L-r010	5	L	10	1	1	19	12517.48	13050.56	6008.67	o	12517.48	13050.56	6008.67	resolved	resolved
si-p05-L-r011	5	L	11	1	3	19	85948.69	78338.59	6675.31	o	85948.69	78338.59	6675.31	resolved	resolved
si-p05-L-r012	5	L	12	3	3	19	19290.22	9033.6	6408.32	o	19290.22	9033.6	6408.32	resolved	resolved
si-p05-L-r013	5	L	13	1	5	19	22338.02	23330.75	6628.27	o	22338.02	23330.75	6628.27	resolved	resolved
si-p05-L-r014	5	L	14	3	5	19	515989.97	530321.63	25893.82	o	515989.97	530321.63	25893.82	resolved	resolved
si-p05-L-r015	5	L	15	5	5	19	97540.59	100103.02	7086.57	o	97540.59	100103.02	7086.57	resolved	resolved
si-p05-L-r016	5	L	16	1	7	19	11478.69	6444.85	6792	o	11478.69	6444.85	6792.0	resolved	resolved
si-p05-L-r017	5	L	17	3	7	19	45832.34	57808.01	6917.29	o	45832.34	57808.01	6917.29	resolved	resolved
si-p05-L-r018	5	L	18	5	7	19	199132.52	216308.13	10502.58	o	199132.52	216308.13	10502.58	resolved	resolved
si-p05-L-r019	5	L	19	7	7	19	35577.95	34698.53	6949.82	o	35577.95	34698.53	6949.82	resolved	resolved
si-p05-L-r020	5	L	20	1	9	19	97990.02	86112.2	7498.49	o	97990.02	86112.2	7498.49	resolved	resolved
si-p05-L-r021	5	L	21	3	9	19	10.98	18376.98	12340.36	o	10.98	18376.98	12340.36	resolved	resolved
si-p05-L-r022	5	L	22	5	9	19	215462.89	213809.67	10620.48	o	215462.89	213809.67	10620.48	resolved	resolved
si-p05-L-r023	5	L	23	7	9	19	85634.36	100472.05	10662.61	o	85634.36	100472.05	10662.61	resolved	resolved
si-p05-L-r024	5	L	24	9	9	19	50481.25	52360.49	6709.42	o	50481.25	52360.49	6709.42	resolved	resolved
si-p05-L-r025	5	L	25	1	11	19	3181.62	-771.95	6458.84	o	3181.62	-771.95	6458.84	resolved	resolved
si-p05-L-r026	5	L	26	3	11	19	67494	57096.66	7001.12	o	67494.0	57096.66	7001.12	resolved	resolved
si-p05-L-r027	5	L	27	5	11	19	93440.87	96523.35	18937.73	o	93440.87	96523.35	18937.73	resolved	resolved
si-p05-L-r028	5	L	28	7	11	19	81237.58	95028.53	9496.54	o	81237.58	95028.53	9496.54	resolved	resolved
si-p05-L-r029	5	L	29	9	11	19	69349.42	53078.06	6918.54	o	69349.42	53078.06	6918.54	resolved	resolved
si-p05-L-r030	5	L	30	11	11	19	68847.6	76788.96	8155.1	o	68847.6	76788.96	8155.1	resolved	resolved
si-p05-L-r031	5	L	31	1	13	19	62638.16	67502.51	6918.17	o	62638.16	67502.51	6918.17	resolved	resolved
si-p05-L-r032	5	L	32	3	13	19	43083.73	46281.9	9900.2	o	43083.73	46281.9	9900.2	resolved	resolved
si-p05-L-r033	5	L	33	5	13	19	227804.06	242791.16	8581.02	o	227804.06	242791.16	8581.02	resolved	resolved
si-p05-L-r034	5	L	34	7	13	19	4317.74	12410.18	6502.03	o	4317.74	12410.18	6502.03	resolved	resolved
si-p05-L-r035	5	L	35	9	13	19	17766.43	25130.2	16185.12	o	17766.43	25130.2	16185.12	resolved	resolved
si-p05-L-r036	5	L	36	11	13	19	32396.53	41234.82	6915.68	o	32396.53	41234.82	6915.68	resolved	resolved
si-p05-L-r037	5	L	37	13	13	19	52984.12	56405.85	7450.75	o	52984.12	56405.85	7450.75	resolved	resolved
si-p05-L-r038	5	L	38	1	15	19	4867.06	8177.1	6297.42	o	4867.06	8177.1	6297.42	resolved	resolved
si-p05-L-r039	5	L	39	3	15	19	291240.53	308535.47	9164.1	o	291240.53	308535.47	9164.1	resolved	resolved
si-p05-L-r040	5	L	40	5	15	19	2082.08	687.4	7392.73	o	2082.08	687.4	7392.73	resolved	resolved
si-p05-L-r041	5	L	41	7	15	19	9325.39	18584.12	10304.01	o	9325.39	18584.12	10304.01	resolved	resolved
si-p05-L-r042	5	L	42	9	15	19	2048.38	6489.19	6626.53	o	2048.38	6489.19	6626.53	resolved	resolved
si-p05-L-r043	5	L	43	11	15	19	51837.02	53188.29	8502.81	o	51837.02	53188.29	8502.81	resolved	resolved
si-p05-L-r044	5	L	44	13	15	19	106291.91	106647.37	8448.78	o	106291.91	106647.37	8448.78	resolved	resolved
si-p05-L-r045	5	L	45	15	15	19	57794.94	46343.07	7823.26	o	57794.94	46343.07	7823.26	resolved	resolved
si-p05-R-r001	5	R	1	1	17	19	30256.87	35081.34	7011.31	o	30256.87	35081.34	7011.31	resolved	resolved
si-p05-R-r002	5	R	2	3	17	19	124172.96	120888.93	8365.54	o	124172.96	120888.93	8365.54	resolved	resolved
si-p05-R-r003	5	R	3	5	17	19	56322.32	53881.07	7577.67	o	56322.32	53881.07	7577.67	resolved	resolved
si-p05-R-r004	5	R	4	7	17	19	194.55	-249.67	8964.24	o	194.55	-249.67	8964.24	resolved	resolved
si-p05-R-r005	5	R	5	9	17	19	32204.47	33806.74	15837.78	o	32204.47	33806.74	15837.78	resolved	resolved
si-p05-R-r006	5	R	6	11	17	19	13713.97	29840.21	9780.4	o	13713.97	29840.21	9780.4	resolved	resolved
si-p05-R-r007	5	R	7	13	17	19	112216.57	105351.02	14916.79	o	112216.57	105351.02	14916.79	resolved	resolved
si-p05-R-r008	5	R	8	15	17	19	56929.89	57655.46	12521.31	o	56929.89	57655.46	12521.31	resolved	resolved
si-p05-R-r009	5	R	9	17	17	19	2118.25	-289.23	7891.32	o	2118.25	-289.23	7891.32	resolved	resolved
si-p05-R-r010	5	R	10	1	19	19	80310.86	103575.66	10951.76	o	80310.86	103575.66	10951.76	resolved	resolved
si-p05-R-r011	5	R	11	3	19	19	14844.99	8383.32	10246.27	o	14844.99	8383.32	10246.27	resolved	resolved
si-p05-R-r012	5	R	12	5	19	19	144184.91	142573.83	12706.91	o	144184.91	142573.83	12706.91	resolved	resolved
si-p05-R-r013	5	R	13	7	19	19	47688.39	44957.53	10831.74	o	47688.39	44957.53	10831.74	resolved	resolved
si-p05-R-r014	5	R	14	9	19	19	6247.36	7101.93	10711.11	o	6247.36	7101.93	10711.11	resolved	resolved
si-p05-R-r015	5	R	15	11	19	19	8362.34	16998.38	10012.74	o	8362.34	16998.38	10012.74	resolved	resolved
si-p05-R-r016	5	R	16	13	19	19	22935.4	4424.8	11993.52	o	22935.4	4424.8	11993.52	resolved	resolved
si-p05-R-r017	5	R	17	15	19	19	144493.36	123207.3	14337.27	o	144493.36	123207.3	14337.27	resolved	resolved
si-p05-R-r018	5	R	18	17	19	19	94199.79	78528.11	13981.27	o	94199.79	78528.11	13981.27	resolved	resolved
si-p05-R-r019	5	R	19	19	19	19	3338.03	8848.04	11991.43	o	3338.03	8848.04	11991.43	resolved	resolved
si-p05-R-r020	5	R	20	0	0	20	43891.56	36646.46	6791.76	o	43891.56	36646.46	6791.76	resolved	resolved
si-p05-R-r021	5	R	21	2	2	20	1805.63	7095.79	6501.88	o	1805.63	7095.79	6501.88	resolved	resolved
si-p05-R-r022	5	R	22	0	4	20	257241.45	251799.17	8546.55	o	257241.45	251799.17	8546.55	resolved	resolved
si-p05-R-r023	5	R	23	2	4	20	280587	257056.48	8590.44	o	280587.0	257056.48	8590.44	resolved	resolved
si-p05-R-r024	5	R	24	4	4	20	7652.38	20782.6	6586.23	o	7652.38	20782.6	6586.23	resolved	resolved
si-p05-R-r025	5	R	25	2	6	20	284932.16	273733.78	8994.56	o	284932.16	273733.78	8994.56	resolved	resolved
si-p05-R-r026	5	R	26	4	6	20	252182.91	274000.22	11267.63	o	252182.91	274000.22	11267.63	resolved	resolved
si-p05-R-r027	5	R	27	6	6	20	56685.63	46681.24	9552.55	o	56685.63	46681.24	9552.55	resolved	resolved
si-p05-R-r028	5	R	28	0	8	20	1265195.13	1314891.5	52266.77	o	1265195.13	1314891.5	52266.77	resolved	resolved
si-p05-R-r029	5	R	29	2	8	20	2087.32	2629.06	8440.54	o	2087.32	2629.06	8440.54	resolved	resolved
si-p05-R-r030	5	R	30	4	8	20	666537.94	671273.31	11565.35	o	666537.94	671273.31	11565.35	resolved	resolved
si-p05-R-r031	5	R	31	6	8	20	2628.79	6025.81	6132.63	o	2628.79	6025.81	6132.63	resolved	resolved
si-p05-R-r032	5	R	32	8	8	20	19465.6	10758.32	6420.77	o	19465.6	10758.32	6420.77	resolved	resolved
si-p05-R-r033	5	R	33	2	10	20	21251.52	18464.72	9956.15	o	21251.52	18464.72	9956.15	resolved	resolved
si-p05-R-r034	5	R	34	4	10	20	198546.3	210620.42	10500.69	o	198546.3	210620.42	10500.69	resolved	resolved
si-p05-R-r035	5	R	35	6	10	20	98701.47	100835.61	15092.39	o	98701.47	100835.61	15092.39	resolved	resolved
si-p05-R-r036	5	R	36	8	10	20	50.1	-6332.25	6332.25	o	50.1	-6332.25	6332.25	resolved	resolved
si-p05-R-r037	5	R	37	10	10	20	4278.17	3376.28	12806.6	o	4278.17	3376.28	12806.6	resolved	resolved
si-p05-R-r038	5	R	38	0	12	20	370748.84	347392.84	9422.1	o	370748.84	347392.84	9422.1	resolved	resolved
si-p05-R-r039	5	R	39	2	12	20	249802.05	248744.88	11439.73	o	249802.05	248744.88	11439.73	resolved	resolved
si-p05-R-r040	5	R	40	4	12	20	130831.55	136639.2	7826.15	o	130831.55	136639.2	7826.15	resolved	resolved
si-p05-R-r041	5	R	41	6	12	20	196012.09	196691.73	8166.51	o	196012.09	196691.73	8166.51	resolved	resolved
si-p05-R-r042	5	R	42	8	12	20	203951.02	178033.69	8660.62	o	203951.02	178033.69	8660.62	resolved	resolved
si-p05-R-r043	5	R	43	10	12	20	138617.42	134220.31	8119.54	o	138617.42	134220.31	8119.54	resolved	resolved
si-p05-R-r044	5	R	44	12	12	20	40706.76	36698.61	7367.5	o	40706.76	36698.61	7367.5	resolved	resolved
si-p05-R-r045	5	R	45	2	14	20	98.98	-798.39	17055.32	o	98.98	-798.39	17055.32	resolved	resolved
si-p06-L-r001	6	L	1	4	14	20	173001.77	172114.5	16969	o	173001.77	172114.5	16969.0	resolved	resolved
si-p06-L-r002	6	L	2	6	14	20	139589.19	143640.89	8187.25	o	139589.19	143640.89	8187.25	resolved	resolved
si-p06-L-r003	6	L	3	8	14	20	744.35	8893.86	6666.47	o	744.35	8893.86	6666.47	resolved	resolved
si-p06-L-r004	6	L	4	10	14	20	26019.71	29244.54	7286.84	o	26019.71	29244.54	7286.84	resolved	resolved
si-p06-L-r005	6	L	5	12	14	20	149781.16	148703.38	8779.28	o	149781.16	148703.38	8779.28	resolved	resolved
si-p06-L-r006	6	L	6	14	14	20	13808.26	9390.19	7615.26	o	13808.26	9390.19	7615.26	resolved	resolved
si-p06-L-r007	6	L	7	0	16	20	39561.18	44208.11	9550.08	o	39561.18	44208.11	9550.08	resolved	resolved
si-p06-L-r008	6	L	8	2	16	20	2340.01	-7029.53	7029.53	o	2340.01	-7029.53	7029.53	resolved	resolved
si-p06-L-r009	6	L	9	4	16	20	349605.5	350183.66	10283.99	o	349605.5	350183.66	10283.99	resolved	resolved
si-p06-L-r010	6	L	10	6	16	20	0.98	6611.72	6736.72	o	0.98	6611.72	6736.72	resolved	resolved
si-p06-L-r011	6	L	11	8	16	20	121.33	4855.06	7078.12	o	121.33	4855.06	7078.12	resolved	resolved
si-p06-L-r012	6	L	12	10	16	20	2044.26	-723.66	7238.71	o	2044.26	-723.66	7238.71	resolved	resolved
si-p06-L-r013	6	L	13	12	16	20	139515.2	140327.09	8974.22	o	139515.2	140327.09	8974.22	resolved	resolved
si-p06-L-r014	6	L	14	14	16	20	39.73	-5031.03	7654.46	o	39.73	-5031.03	7654.46	resolved	resolved
si-p06-L-r015	6	L	15	16	16	20	2644.64	7847.25	12689.9	o	2644.64	7847.25	12689.9	resolved	resolved
si-p06-L-r016	6	L	16	2	18	20	46946.68	48557.94	7812.24	o	46946.68	48557.94	7812.24	resolved	resolved
si-p06-L-r017	6	L	17	4	18	20	120090.52	117943.05	10897.53	o	120090.52	117943.05	10897.53	resolved	resolved
si-p06-L-r018	6	L	18	6	18	20	56197.77	49556.01	10599.67	o	56197.77	49556.01	10599.67	resolved	resolved
si-p06-L-r019	6	L	19	8	18	20	1177.51	-6810.55	7408.9	o	1177.51	-6810.55	7408.9	resolved	resolved
si-p06-L-r020	6	L	20	10	18	20	25256.31	20549.11	7613.37	o	25256.31	20549.11	7613.37	resolved	resolved
si-p06-L-r021	6	L	21	12	18	20	96556.58	93619.11	9014.77	o	96556.58	93619.11	9014.77	resolved	resolved
si-p06-L-r022	6	L	22	14	18	20	130088.02	130343.17	12762.25	o	130088.02	130343.17	12762.25	resolved	resolved
si-p06-L-r023	6	L	23	16	18	20	17.26	-4445.18	21537.42	o	17.26	-4445.18	21537.42	resolved	resolved
si-p06-L-r024	6	L	24	18	18	20	49823.36	57660.29	9099.87	o	49823.36	57660.29	9099.87	resolved	resolved
si-p06-L-r025	6	L	25	0	20	20	329087.5	332328.47	15180.15	o	329087.5	332328.47	15180.15	resolved	resolved
si-p06-L-r026	6	L	26	2	20	20	86548.05	90412.48	11068.54	o	86548.05	90412.48	11068.54	resolved	resolved
si-p06-L-r027	6	L	27	4	20	20	1788.82	-2211.99	10477.83	o	1788.82	-2211.99	10477.83	resolved	resolved
si-p06-L-r028	6	L	28	6	20	20	79229	80269.73	11533.68	o	79229.0	80269.73	11533.68	resolved	resolved
si-p06-L-r029	6	L	29	8	20	20	174724.53	174316.69	13408.97	o	174724.53	174316.69	13408.97	resolved	resolved
si-p06-L-r030	6	L	30	10	20	20	83360.73	79338.98	11999.87	o	83360.73	79338.98	11999.87	resolved	resolved
si-p06-L-r031	6	L	31	12	20	20	301268.56	286898.78	16107.42	o	301268.56	286898.78	16107.42	resolved	resolved
si-p06-L-r032	6	L	32	14	20	20	86861.44	95882.66	13397.94	o	86861.44	95882.66	13397.94	resolved	resolved
si-p06-L-r033	6	L	33	16	20	20	265270.56	245364.38	16217.62	o	265270.56	245364.38	16217.62	resolved	resolved
si-p06-L-r034	6	L	34	18	20	20	55375.48	63359.99	14209.41	o	55375.48	63359.99	14209.41	resolved	resolved
si-p06-L-r035	6	L	35	20	20	20	35926.49	25037.07	13624.83	o	35926.49	25037.07	13624.83	resolved	resolved
si-p06-L-r036	6	L	36	1	1	21	92878.14	98697.14	8741	o	92878.14	98697.14	8741.0	resolved	resolved
si-p06-L-r037	6	L	37	1	3	21	97946.68	89406.09	14394.24	o	97946.68	89406.09	14394.24	resolved	resolved
si-p06-L-r038	6	L	38	3	3	21	144260.83	135452.31	7749.81	o	144260.83	135452.31	7749.81	resolved	resolved
si-p06-L-r039	6	L	39	1	5	21	222734.59	231120.63	8374.29	o	222734.59	231120.63	8374.29	resolved	resolved
si-p06-L-r040	6	L	40	3	5	21	456.69	12573.26	6421.01	o	456.69	12573.26	6421.01	resolved	resolved
si-p06-L-r041	6	L	41	5	5	21	225881.77	205399.67	8204.02	o	225881.77	205399.67	8204.02	resolved	resolved
si-p06-L-r042	6	L	42	1	7	21	9316.42	14767.05	6332.92	o	9316.42	14767.05	6332.92	resolved	resolved
si-p06-L-r043	6	L	43	3	7	21	203148.7	208592.81	8003.29	o	203148.7	208592.81	8003.29	resolved	resolved
si-p06-L-r044	6	L	44	5	7	21	8410.96	6869.33	6256.92	o	8410.96	6869.33	6256.92	resolved	resolved
si-p06-L-r045	6	L	45	7	7	21	7620.71	-55595.68	77948.6	o	7620.71	-55595.68	77948.6	resolved	resolved
si-p06-R-r001	6	R	1	1	9	21	9394.65	4773.65	6256.99	o	9394.65	4773.65	6256.99	resolved	resolved
si-p06-R-r002	6	R	2	3	9	21	11593.65	7439.71	6377.05	o	11593.65	7439.71	6377.05	resolved	resolved
si-p06-R-r003	6	R	3	5	9	21	652.85	-6338.71	6338.71	o	652.85	-6338.71	6338.71	resolved	resolved
si-p06-R-r004	6	R	4	7	9	21	11979.44	14413.85	6627.24	o	11979.44	14413.85	6627.24	resolved	resolved
si-p06-R-r005	6	R	5	9	9	21	2782.21	5538.14	7218.15	o	2782.21	5538.14	7218.15	resolved	resolved
si-p06-R-r006	6	R	6	1	11	21	291880.03	309913.66	9206.96	o	291880.03	309913.66	9206.96	resolved	resolved
si-p06-R-r007	6	R	7	3	11	21	137370.7	141328.84	22967.81	o	137370.7	141328.84	22967.81	resolved	resolved
si-p06-R-r008	6	R	8	5	11	21	302693.78	307481.88	13196.92	o	302693.78	307481.88	13196.92	resolved	resolved
si-p06-R-r009	6	R	9	7	11	21	1936.09	-291.05	6585.75	o	1936.09	-291.05	6585.75	resolved	resolved
si-p06-R-r010	6	R	10	9	11	21	11024.01	28792	6871.18	o	11024.01	28792.0	6871.18	resolved	resolved
si-p06-R-r011	6	R	11	11	11	21	456374.25	429271.22	11927.75	o	456374.25	429271.22	11927.75	resolved	resolved
si-p06-R-r012	6	R	12	1	13	21	51927.96	66243.48	7368.5	o	51927.96	66243.48	7368.5	resolved	resolved
si-p06-R-r013	6	R	13	3	13	21	102905.23	98858.52	7537.2	o	102905.23	98858.52	7537.2	resolved	resolved
si-p06-R-r014	6	R	14	5	13	21	6176.47	-1495.79	6749.18	o	6176.47	-1495.79	6749.18	resolved	resolved
si-p06-R-r015	6	R	15	7	13	21	92069.79	117195.49	7743.89	o	92069.79	117195.49	7743.89	resolved	resolved
si-p06-R-r016	6	R	16	9	13	21	7074.93	-3376.37	7080.03	o	7074.93	-3376.37	7080.03	resolved	resolved
si-p06-R-r017	6	R	17	11	13	21	16941.79	3533.2	8208.83	o	16941.79	3533.2	8208.83	resolved	resolved
si-p06-R-r018	6	R	18	13	13	21	177410.55	166531.61	9148.16	o	177410.55	166531.61	9148.16	resolved	resolved
si-p06-R-r019	6	R	19	1	15	21	485.39	-2263.07	6744.27	o	485.39	-2263.07	6744.27	resolved	resolved
si-p06-R-r020	6	R	20	3	15	21	8743.97	553.73	6914.03	o	8743.97	553.73	6914.03	resolved	resolved
si-p06-R-r021	6	R	21	5	15	21	82096.46	88141.98	7702.79	o	82096.46	88141.98	7702.79	resolved	resolved
si-p06-R-r022	6	R	22	7	15	21	29282.97	27832.28	7081.54	o	29282.97	27832.28	7081.54	resolved	resolved
si-p06-R-r023	6	R	23	9	15	21	2693.49	3128.66	7156.37	o	2693.49	3128.66	7156.37	resolved	resolved
si-p06-R-r024	6	R	24	11	15	21	25943.36	39872.58	10072.62	o	25943.36	39872.58	10072.62	resolved	resolved
si-p06-R-r025	6	R	25	13	15	21	18927.19	27602.42	7491.07	o	18927.19	27602.42	7491.07	resolved	resolved
si-p06-R-r026	6	R	26	15	15	21	2428.44	5765.76	18860.19	o	2428.44	5765.76	18860.19	resolved	resolved
si-p06-R-r027	6	R	27	1	17	21	30140.28	34388.27	7451.79	o	30140.28	34388.27	7451.79	resolved	resolved
si-p06-R-r028	6	R	28	3	17	21	2931.11	1804.54	7244.39	o	2931.11	1804.54	7244.39	resolved	resolved
si-p06-R-r029	6	R	29	5	17	21	37646.75	42817.51	7739.54	o	37646.75	42817.51	7739.54	resolved	resolved
si-p06-R-r030	6	R	30	7	17	21	40839.23	35249.43	11296.88	o	40839.23	35249.43	11296.88	resolved	resolved
si-p06-R-r031	6	R	31	9	17	21	118934.53	111017.13	8526.73	o	118934.53	111017.13	8526.73	resolved	resolved
si-p06-R-r032	6	R	32	11	17	21	77220.37	94694.21	14970.13	o	77220.37	94694.21	14970.13	resolved	resolved
si-p06-R-r033	6	R	33	13	17	21	4361.15	5213.7	7943.89	o	4361.15	5213.7	7943.89	resolved	resolved
si-p06-R-r034	6	R	34	15	17	21	27115.16	29980.69	8315.06	o	27115.16	29980.69	8315.06	resolved	resolved
si-p06-R-r035	6	R	35	17	17	21	504.56	-4441.21	8313.16	o	504.56	-4441.21	8313.16	resolved	resolved
si-p06-R-r036	6	R	36	1	19	21	883.43	9681.87	7038.08	o	883.43	9681.87	7038.08	resolved	resolved
si-p06-R-r037	6	R	37	3	19	21	63582.05	52521.66	8149.46	o	63582.05	52521.66	8149.46	resolved	resolved
si-p06-R-r038	6	R	38	5	19	21	3556.29	391.54	7351.02	o	3556.29	391.54	7351.02	resolved	resolved
si-p06-R-r039	6	R	39	7	19	21	70485.48	73367.73	8318.38	o	70485.48	73367.73	8318.38	resolved	resolved
si-p06-R-r040	6	R	40	9	19	21	19947.84	13178.55	7780.31	o	19947.84	13178.55	7780.31	resolved	resolved
si-p06-R-r041	6	R	41	11	19	21	97339.84	91204.39	16720.18	o	97339.84	91204.39	16720.18	resolved	resolved
si-p06-R-r042	6	R	42	13	19	21	52866.71	48683.26	9100.21	o	52866.71	48683.26	9100.21	resolved	resolved
si-p06-R-r043	6	R	43	15	19	21	331.45	3271.92	15600.12	o	331.45	3271.92	15600.12	resolved	resolved
si-p06-R-r044	6	R	44	17	19	21	52	11539.36	9080.64	o	52.0	11539.36	9080.64	resolved	resolved
si-p06-R-r045	6	R	45	19	19	21	35083.95	39330.34	9547.57	o	35083.95	39330.34	9547.57	resolved	resolved
si-p07-L-r001	7	L	1	1	21	21	71909.23	76652.05	11998.72	o	71909.23	76652.05	11998.72	resolved	resolved
si-p07-L-r002	7	L	2	3	21	21	91321.95	88083.18	12699.82	o	91321.95	88083.18	12699.82	resolved	resolved
si-p07-L-r003	7	L	3	5	21	21	277869.25	277399	15171.17	o	277869.25	277399.0	15171.17	resolved	resolved
si-p07-L-r004	7	L	4	7	21	21	18483.15	-3376.68	12109.46	o	18483.15	-3376.68	12109.46	resolved	resolved
si-p07-L-r005	7	L	5	9	21	21	35283.21	45533.36	11645.36	o	35283.21	45533.36	11645.36	resolved	resolved
si-p07-L-r006	7	L	6	11	21	21	71553.98	49973.62	14095.12	o	71553.98	49973.62	14095.12	resolved	resolved
si-p07-L-r007	7	L	7	13	21	21	84401.05	64424.39	13630.48	o	84401.05	64424.39	13630.48	resolved	resolved
si-p07-L-r008	7	L	8	15	21	21	11572.83	25032.32	12457.95	o	11572.83	25032.32	12457.95	resolved	resolved
si-p07-L-r009	7	L	9	17	21	21	64365.53	67790.29	14792.73	o	64365.53	67790.29	14792.73	resolved	resolved
si-p07-L-r010	7	L	10	19	21	21	22441.22	-1513.71	13972.66	o	22441.22	-1513.71	13972.66	resolved	resolved
si-p07-L-r011	7	L	11	21	21	21	109438.05	142149.45	15380.11	o	109438.05	142149.45	15380.11	resolved	resolved
si-p07-L-r012	7	L	12	0	2	22	15418.76	19537.23	8500.03	o	15418.76	19537.23	8500.03	resolved	resolved
si-p07-L-r013	7	L	13	2	2	22	618707.81	603947.88	11106.95	o	618707.81	603947.88	11106.95	resolved	resolved
si-p07-L-r014	7	L	14	2	4	22	1876.07	-402.11	6254.85	o	1876.07	-402.11	6254.85	resolved	resolved
si-p07-L-r015	7	L	15	4	4	22	189800.05	199582.39	8108.08	o	189800.05	199582.39	8108.08	resolved	resolved
si-p07-L-r016	7	L	16	0	6	22	692919.31	708343.31	11736.89	o	692919.31	708343.31	11736.89	resolved	resolved
si-p07-L-r017	7	L	17	2	6	22	17153.84	23372.97	6377.44	o	17153.84	23372.97	6377.44	resolved	resolved
si-p07-L-r018	7	L	18	4	6	22	325.47	-6421	6421	o	325.47	-6421.0	6421.0	resolved	resolved
si-p07-L-r019	7	L	19	6	6	22	174096.94	161099.44	7873.33	o	174096.94	161099.44	7873.33	resolved	resolved
si-p07-L-r020	7	L	20	2	8	22	74224.93	78127.34	16544.62	o	74224.93	78127.34	16544.62	resolved	resolved
si-p07-L-r021	7	L	21	4	8	22	9208.03	-1237.99	6502.38	o	9208.03	-1237.99	6502.38	resolved	resolved
si-p07-L-r022	7	L	22	6	8	22	23929.29	40245.38	6928.64	o	23929.29	40245.38	6928.64	resolved	resolved
si-p07-L-r023	7	L	23	8	8	22	1081.75	6035.75	8789.69	o	1081.75	6035.75	8789.69	resolved	resolved
si-p07-L-r024	7	L	24	0	10	22	873050.31	950136.63	20089.19	o	873050.31	950136.63	20089.19	resolved	resolved
si-p07-L-r025	7	L	25	2	10	22	15912.36	30719.07	6586.72	o	15912.36	30719.07	6586.72	resolved	resolved
si-p07-L-r026	7	L	26	4	10	22	18549.09	13934.09	6792.35	o	18549.09	13934.09	6792.35	resolved	resolved
si-p07-L-r027	7	L	27	6	10	22	386254.91	393885.97	22148.3	o	386254.91	393885.97	22148.3	resolved	resolved
si-p07-L-r028	7	L	28	8	10	22	80389.2	100869.76	7661.96	o	80389.2	100869.76	7661.96	resolved	resolved
si-p07-L-r029	7	L	29	10	10	22	362891.31	352802.91	32713.02	o	362891.31	352802.91	32713.02	resolved	resolved
si-p07-L-r030	7	L	30	2	12	22	75431.45	76801.1	7742.71	o	75431.45	76801.1	7742.71	resolved	resolved
si-p07-L-r031	7	L	31	4	12	22	202886.52	200488.39	8924.18	o	202886.52	200488.39	8924.18	resolved	resolved
si-p07-L-r032	7	L	32	6	12	22	97940.14	98668.17	7786.5	o	97940.14	98668.17	7786.5	resolved	resolved
si-p07-L-r033	7	L	33	8	12	22	751.76	1460.53	6782.12	o	751.76	1460.53	6782.12	resolved	resolved
si-p07-L-r034	7	L	34	10	12	22	228851.64	228643.19	9240.02	o	228851.64	228643.19	9240.02	resolved	resolved
si-p07-L-r035	7	L	35	12	12	22	254024.59	238637.77	9777.79	o	254024.59	238637.77	9777.79	resolved	resolved
si-p07-L-r036	7	L	36	0	14	22	15520.17	24087.25	15951.76	o	15520.17	24087.25	15951.76	resolved	resolved
si-p07-L-r037	7	L	37	2	14	22	294407.13	288793.5	9658.2	o	294407.13	288793.5	9658.2	resolved	resolved
si-p07-L-r038	7	L	38	4	14	22	219.6	14429.07	6293.88	o	219.6	14429.07	6293.88	resolved	resolved
si-p07-L-r039	7	L	39	6	14	22	5556.02	12533.62	6666.77	o	5556.02	12533.62	6666.77	resolved	resolved
si-p07-L-r040	7	L	40	8	14	22	15155.6	24393.17	7409.89	o	15155.6	24393.17	7409.89	resolved	resolved
si-p07-L-r041	7	L	41	10	14	22	19698.92	26206.98	7150.41	o	19698.92	26206.98	7150.41	resolved	resolved
si-p07-L-r042	7	L	42	12	14	22	13132.71	17239.66	10246.05	o	13132.71	17239.66	10246.05	resolved	resolved
si-p07-L-r043	7	L	43	14	14	22	79796.77	71065.52	8688.3	o	79796.77	71065.52	8688.3	resolved	resolved
si-p07-L-r044	7	L	44	2	16	22	463.36	-3012.84	7156.22	o	463.36	-3012.84	7156.22	resolved	resolved
si-p07-L-r045	7	L	45	4	16	22	1400.37	4199.39	11234.53	o	1400.37	4199.39	11234.53	resolved	resolved
si-p07-R-r001	7	R	1	6	16	22	41813.47	43075.5	7614.59	o	41813.47	43075.5	7614.59	resolved	resolved
si-p07-R-r002	7	R	2	8	16	22	1226.92	2733.31	7485.8	o	1226.92	2733.31	7485.8	resolved	resolved
si-p07-R-r003	7	R	3	10	16	22	171706.44	194730.56	9910.88	o	171706.44	194730.56	9910.88	resolved	resolved
si-p07-R-r004	7	R	4	12	16	22	3858.2	5214.02	7861.53	o	3858.2	5214.02	7861.53	resolved	resolved
si-p07-R-r005	7	R	5	14	16	22	15685.6	25353.3	12691.33	o	15685.6	25353.3	12691.33	resolved	resolved
si-p07-R-r006	7	R	6	16	16	22	5711.09	5964.85	9139.29	o	5711.09	5964.85	9139.29	resolved	resolved
si-p07-R-r007	7	R	7	0	18	22	1812.94	7959.91	7066.75	o	1812.94	7959.91	7066.75	resolved	resolved
si-p07-R-r008	7	R	8	2	18	22	202166.78	201421.77	9770.62	o	202166.78	201421.77	9770.62	resolved	resolved
si-p07-R-r009	7	R	9	4	18	22	30.6	-3525.26	7450.78	o	30.6	-3525.26	7450.78	resolved	resolved
si-p07-R-r010	7	R	10	6	18	22	10851.4	22466.09	8499.38	o	10851.4	22466.09	8499.38	resolved	resolved
si-p07-R-r011	7	R	11	8	18	22	72978.22	76033.7	11474.66	o	72978.22	76033.7	11474.66	resolved	resolved
si-p07-R-r012	7	R	12	10	18	22	16485.46	28406.52	7800.78	o	16485.46	28406.52	7800.78	resolved	resolved
si-p07-R-r013	7	R	13	12	18	22	87946.49	87802.17	13281.73	o	87946.49	87802.17	13281.73	resolved	resolved
si-p07-R-r014	7	R	14	14	18	22	126766.45	142728.81	13169.33	o	126766.45	142728.81	13169.33	resolved	resolved
si-p07-R-r015	7	R	15	16	18	22	65252.18	67509.59	9306.1	o	65252.18	67509.59	9306.1	resolved	resolved
si-p07-R-r016	7	R	16	18	18	22	93289.09	93907.21	10485.54	o	93289.09	93907.21	10485.54	resolved	resolved
si-p07-R-r017	7	R	17	2	20	22	18483.75	38078.17	17232.74	o	18483.75	38078.17	17232.74	resolved	resolved
si-p07-R-r018	7	R	18	4	20	22	143724.75	165184.84	9478.77	o	143724.75	165184.84	9478.77	resolved	resolved
si-p07-R-r019	7	R	19	6	20	22	33715.46	35398.03	8110.61	o	33715.46	35398.03	8110.61	resolved	resolved
si-p07-R-r020	7	R	20	8	20	22	2988.18	-5571.09	20140.91	o	2988.18	-5571.09	20140.91	resolved	resolved
si-p07-R-r021	7	R	21	10	20	22	61.12	8980.86	8062.35	o	61.12	8980.86	8062.35	resolved	resolved
si-p07-R-r022	7	R	22	12	20	22	113802.55	110113.68	12701.67	o	113802.55	110113.68	12701.67	resolved	resolved
si-p07-R-r023	7	R	23	14	20	22	15050.97	29364.47	8579.63	o	15050.97	29364.47	8579.63	resolved	resolved
si-p07-R-r024	7	R	24	16	20	22	238.8	-9055.25	9055.25	o	238.8	-9055.25	9055.25	resolved	resolved
si-p07-R-r025	7	R	25	18	20	22	4977.13	6016.52	11816.94	o	4977.13	6016.52	11816.94	resolved	resolved
si-p07-R-r026	7	R	26	20	20	22	68501.13	61966.45	10501.15	o	68501.13	61966.45	10501.15	resolved	resolved
si-p07-R-r027	7	R	27	0	22	22	725142.94	725547.19	21201.81	o	725142.94	725547.19	21201.81	resolved	resolved
si-p07-R-r028	7	R	28	2	22	22	2023.07	11176.36	11059.94	o	2023.07	11176.36	11059.94	resolved	resolved
si-p07-R-r029	7	R	29	4	22	22	17222.31	10362.76	12342.16	o	17222.31	10362.76	12342.16	resolved	resolved
si-p07-R-r030	7	R	30	6	22	22	137343.95	127742.14	14569.13	o	137343.95	127742.14	14569.13	resolved	resolved
si-p07-R-r031	7	R	31	8	22	22	30302.72	19213.9	12343.47	o	30302.72	19213.9	12343.47	resolved	resolved
si-p07-R-r032	7	R	32	10	22	22	110411.19	124913.99	13633.34	o	110411.19	124913.99	13633.34	resolved	resolved
si-p07-R-r033	7	R	33	12	22	22	302703.38	296778.53	16338.57	o	302703.38	296778.53	16338.57	resolved	resolved
si-p07-R-r034	7	R	34	14	22	22	286.94	30850.96	12573.22	o	286.94	30850.96	12573.22	resolved	resolved
si-p07-R-r035	7	R	35	16	22	22	106076.85	101135.35	14797.45	o	106076.85	101135.35	14797.45	resolved	resolved
si-p07-R-r036	7	R	36	18	22	22	3922.19	20606.69	12922.84	o	3922.19	20606.69	12922.84	resolved	resolved
si-p07-R-r037	7	R	37	20	22	22	14498.33	7684.46	13971.75	o	14498.33	7684.46	13971.75	resolved	resolved
si-p07-R-r038	7	R	38	22	22	22	97880.89	96231.66	15727.93	o	97880.89	96231.66	15727.93	resolved	resolved
si-p07-R-r039	7	R	39	1	1	23	8177.82	4253.53	6172.93	o	8177.82	4253.53	6172.93	resolved	resolved
si-p07-R-r040	7	R	40	1	3	23	7047.18	1391.84	6927.43	o	7047.18	1391.84	6927.43	resolved	resolved
si-p07-R-r041	7	R	41	3	3	23	286676.66	283927.94	14363.73	o	286676.66	283927.94	14363.73	resolved	resolved
si-p07-R-r042	7	R	42	1	5	23	119365.31	135566.39	15794.89	o	119365.31	135566.39	15794.89	resolved	resolved
si-p07-R-r043	7	R	43	3	5	23	88535.92	79090.42	7332.03	o	88535.92	79090.42	7332.03	resolved	resolved
si-p07-R-r044	7	R	44	5	5	23	29015.82	44072.17	10888.45	o	29015.82	44072.17	10888.45	resolved	resolved
si-p07-R-r045	7	R	45	1	7	23	378536.63	350840.34	15545.28	o	378536.63	350840.34	15545.28	resolved	resolved
si-p08-L-r001	8	L	1	3	7	23	60.88	17291.45	9779.16	o	60.88	17291.45	9779.16	resolved	resolved
si-p08-L-r002	8	L	2	5	7	23	45775.96	37386.63	6873.67	o	45775.96	37386.63	6873.67	resolved	resolved
si-p08-L-r003	8	L	3	7	7	23	51838.38	62326.25	7189.54	o	51838.38	62326.25	7189.54	resolved	resolved
si-p08-L-r004	8	L	4	1	9	23	274489.81	249004.25	9121.78	o	274489.81	249004.25	9121.78	resolved	resolved
si-p08-L-r005	8	L	5	3	9	23	31097.76	34945.42	7802.52	o	31097.76	34945.42	7802.52	resolved	resolved
si-p08-L-r006	8	L	6	5	9	23	4031.61	8910.3	10128.82	o	4031.61	8910.3	10128.82	resolved	resolved
si-p08-L-r007	8	L	7	7	9	23	62593.52	68094.39	7576.85	o	62593.52	68094.39	7576.85	resolved	resolved
si-p08-L-r008	8	L	8	9	9	23	302110.34	313010	10072.68	o	302110.34	313010.0	10072.68	resolved	resolved
si-p08-L-r009	8	L	9	1	11	23	376225.38	391357.56	11393.51	o	376225.38	391357.56	11393.51	resolved	resolved
si-p08-L-r010	8	L	10	3	11	23	107309.08	111896.13	8240.83	o	107309.08	111896.13	8240.83	resolved	resolved
si-p08-L-r011	8	L	11	5	11	23	65.94	1920.19	9371.69	o	65.94	1920.19	9371.69	resolved	resolved
si-p08-L-r012	8	L	12	7	11	23	1254.96	7850.53	12515.14	o	1254.96	7850.53	12515.14	resolved	resolved
si-p08-L-r013	8	L	13	9	11	23	1741.81	-2669.78	17637.69	o	1741.81	-2669.78	17637.69	resolved	resolved
si-p08-L-r014	8	L	14	11	11	23	77567.89	73416.28	13281.31	o	77567.89	73416.28	13281.31	resolved	resolved
si-p08-L-r015	8	L	15	1	13	23	34764.14	30765.87	11005.26	o	34764.14	30765.87	11005.26	resolved	resolved
si-p08-L-r016	8	L	16	3	13	23	40863.94	44545.59	7492.75	o	40863.94	44545.59	7492.75	resolved	resolved
si-p08-L-r017	8	L	17	5	13	23	128328.38	121465.28	8742.12	o	128328.38	121465.28	8742.12	resolved	resolved
si-p08-L-r018	8	L	18	7	13	23	2701.98	-3160.58	7238.76	o	2701.98	-3160.58	7238.76	resolved	resolved
si-p08-L-r019	8	L	19	9	13	23	12948.62	8411.6	7408.34	o	12948.62	8411.6	7408.34	resolved	resolved
si-p08-L-r020	8	L	20	11	13	23	267399.66	259398.5	26316.26	o	267399.66	259398.5	26316.26	resolved	resolved
si-p08-L-r021	8	L	21	13	13	23	2753.81	2317.49	7449.83	o	2753.81	2317.49	7449.83	resolved	resolved
si-p08-L-r022	8	L	22	1	15	23	25648.9	31872.48	7366.34	o	25648.9	31872.48	7366.34	resolved	resolved
si-p08-L-r023	8	L	23	3	15	23	14858.7	19948.7	7239.58	o	14858.7	19948.7	7239.58	resolved	resolved
si-p08-L-r024	8	L	24	5	15	23	607.66	9576.83	7625.45	o	607.66	9576.83	7625.45	resolved	resolved
si-p08-L-r025	8	L	25	7	15	23	98190.38	112109.31	12875.84	o	98190.38	112109.31	12875.84	resolved	resolved
si-p08-L-r026	8	L	26	9	15	23	40578.37	47244.01	7861.56	o	40578.37	47244.01	7861.56	resolved	resolved
si-p08-L-r027	8	L	27	11	15	23	4584.6	-7783.89	8148.79	o	4584.6	-7783.89	8148.79	resolved	resolved
si-p08-L-r028	8	L	28	13	15	23	19258.27	19563.93	8149.83	o	19258.27	19563.93	8149.83	resolved	resolved
si-p08-L-r029	8	L	29	15	15	23	20503.18	29175.23	8671.97	o	20503.18	29175.23	8671.97	resolved	resolved
si-p08-L-r030	8	L	30	1	17	23	12888.42	10644.66	8732.41	o	12888.42	10644.66	8732.41	resolved	resolved
si-p08-L-r031	8	L	31	3	17	23	2037.77	-3825.71	7407.59	o	2037.77	-3825.71	7407.59	resolved	resolved
si-p08-L-r032	8	L	32	5	17	23	830.06	7008.84	16415.13	o	830.06	7008.84	16415.13	resolved	resolved
si-p08-L-r033	8	L	33	7	17	23	74273.37	77035.13	13629.97	o	74273.37	77035.13	13629.97	resolved	resolved
si-p08-L-r034	8	L	34	9	17	23	156746.8	153694.22	18477.71	o	156746.8	153694.22	18477.71	resolved	resolved
si-p08-L-r035	8	L	35	11	17	23	175021.3	172956.94	9932.27	o	175021.3	172956.94	9932.27	resolved	resolved
si-p08-L-r036	8	L	36	13	17	23	18394.83	12109.41	8615.61	o	18394.83	12109.41	8615.61	resolved	resolved
si-p08-L-r037	8	L	37	15	17	23	48586.91	60584.14	18459.77	o	48586.91	60584.14	18459.77	resolved	resolved
si-p08-L-r038	8	L	38	17	17	23	185909.58	187929.91	19995.91	o	185909.58	187929.91	19995.91	resolved	resolved
si-p08-L-r039	8	L	39	1	19	23	18849.72	39297.78	7530.52	o	18849.72	39297.78	7530.52	resolved	resolved
si-p08-L-r040	8	L	40	3	19	23	61788.59	60387.89	17006.32	o	61788.59	60387.89	17006.32	resolved	resolved
si-p08-L-r041	8	L	41	5	19	23	48258.44	51289.11	8306.85	o	48258.44	51289.11	8306.85	resolved	resolved
si-p08-L-r042	8	L	42	7	19	23	674.91	-4171.98	8025.96	o	674.91	-4171.98	8025.96	resolved	resolved
si-p08-L-r043	8	L	43	9	19	23	1558.24	-6588.8	9662.86	o	1558.24	-6588.8	9662.86	resolved	resolved
si-p08-L-r044	8	L	44	11	19	23	83595.93	88254.19	9307.63	o	83595.93	88254.19	9307.63	resolved	resolved
si-p08-L-r045	8	L	45	13	19	23	7431.14	4259.24	8889.99	o	7431.14	4259.24	8889.99	resolved	resolved
si-p08-R-r001	8	R	1	15	19	23	26440.6	45897.67	9099.52	o	26440.6	45897.67	9099.52	resolved	resolved
si-p08-R-r002	8	R	2	17	19	23	3085.5	1265.49	9176.44	o	3085.5	1265.49	9176.44	resolved	resolved
si-p08-R-r003	8	R	3	19	19	23	14473.42	8640.45	9381.24	o	14473.42	8640.45	9381.24	resolved	resolved
si-p08-R-r004	8	R	4	1	21	23	44523.77	40015.04	8892.82	o	44523.77	40015.04	8892.82	resolved	resolved
si-p08-R-r005	8	R	5	3	21	23	9264.85	12797.66	21713.75	o	9264.85	12797.66	21713.75	resolved	resolved
si-p08-R-r006	8	R	6	5	21	23	631.17	-6416.11	14610.59	o	631.17	-6416.11	14610.59	resolved	resolved
si-p08-R-r007	8	R	7	7	21	23	417.99	332.47	8556.59	o	417.99	332.47	8556.59	resolved	resolved
si-p08-R-r008	8	R	8	9	21	23	667.11	-5941.85	8560.17	o	667.11	-5941.85	8560.17	resolved	resolved
si-p08-R-r009	8	R	9	11	21	23	20623.79	10242.45	9344.65	o	20623.79	10242.45	9344.65	resolved	resolved
si-p08-R-r010	8	R	10	13	21	23	52795.91	36111.41	9505.35	o	52795.91	36111.41	9505.35	resolved	resolved
si-p08-R-r011	8	R	11	15	21	23	425.48	13973.35	17171.78	o	425.48	13973.35	17171.78	resolved	resolved
si-p08-R-r012	8	R	12	17	21	23	40276.44	28111.81	16070.78	o	40276.44	28111.81	16070.78	resolved	resolved
si-p08-R-r013	8	R	13	19	21	23	14550.45	28106.54	9673.44	o	14550.45	28106.54	9673.44	resolved	resolved
si-p08-R-r014	8	R	14	21	21	23	1955.79	-9989.62	9989.62	o	1955.79	-9989.62	9989.62	resolved	resolved
si-p08-R-r015	8	R	15	1	23	23	400686.41	401919.44	18338.09	o	400686.41	401919.44	18338.09	resolved	resolved
si-p08-R-r016	8	R	16	3	23	23	1852.61	-4540.39	12224.12	o	1852.61	-4540.39	12224.12	resolved	resolved
si-p08-R-r017	8	R	17	5	23	23	16497.61	2794.42	13040.63	o	16497.61	2794.42	13040.63	resolved	resolved
si-p08-R-r018	8	R	18	7	23	23	481.2	2328.38	12806.08	o	481.2	2328.38	12806.08	resolved	resolved
si-p08-R-r019	8	R	19	9	23	23	3361.6	15833.34	13039.22	o	3361.6	15833.34	13039.22	resolved	resolved
si-p08-R-r020	8	R	20	11	23	23	255389.13	233192.63	16331.65	o	255389.13	233192.63	16331.65	resolved	resolved
si-p08-R-r021	8	R	21	13	23	23	29838.81	42269.79	13158.36	o	29838.81	42269.79	13158.36	resolved	resolved
si-p08-R-r022	8	R	22	15	23	23	59048.67	43210.96	14791.89	o	59048.67	43210.96	14791.89	resolved	resolved
si-p08-R-r023	8	R	23	17	23	23	95738.09	100891.82	15028.92	o	95738.09	100891.82	15028.92	resolved	resolved
si-p08-R-r024	8	R	24	19	23	23	4980.93	3958.38	13505.04	o	4980.93	3958.38	13505.04	resolved	resolved
si-p08-R-r025	8	R	25	21	23	23	23306.04	23520.57	14321.93	o	23306.04	23520.57	14321.93	resolved	resolved
si-p08-R-r026	8	R	26	23	23	23	16491.92	14088.32	14903.34	o	16491.92	14088.32	14903.34	resolved	resolved
si-p08-R-r027	8	R	27	0	0	24	212468.81	225106.25	11667.93	o	212468.81	225106.25	11667.93	resolved	resolved
si-p08-R-r028	8	R	28	2	2	24	258368.44	243975.06	8827.5	o	258368.44	243975.06	8827.5	resolved	resolved
si-p08-R-r029	8	R	29	0	4	24	26310.21	42897.2	10888.11	o	26310.21	42897.2	10888.11	resolved	resolved
si-p08-R-r030	8	R	30	2	4	24	7200.38	7824.66	17289.43	o	7200.38	7824.66	17289.43	resolved	resolved
si-p08-R-r031	8	R	31	4	4	24	216618.67	237443.56	8658.21	o	216618.67	237443.56	8658.21	resolved	resolved
si-p08-R-r032	8	R	32	2	6	24	392177.97	398727.63	10455.08	o	392177.97	398727.63	10455.08	resolved	resolved
si-p08-R-r033	8	R	33	4	6	24	224.42	-6744.26	6744.26	o	224.42	-6744.26	6744.26	resolved	resolved
si-p08-R-r034	8	R	34	6	6	24	67148.86	82368.27	7490.76	o	67148.86	82368.27	7490.76	resolved	resolved
si-p08-R-r035	8	R	35	0	8	24	819477.88	799227.88	13155.03	o	819477.88	799227.88	13155.03	resolved	resolved
si-p08-R-r036	8	R	36	2	8	24	4520.62	18203.63	8615.36	o	4520.62	18203.63	8615.36	resolved	resolved
si-p08-R-r037	8	R	37	4	8	24	27947.81	29505.57	12634.93	o	27947.81	29505.57	12634.93	resolved	resolved
si-p08-R-r038	8	R	38	6	8	24	92.98	4953.94	6617.21	o	92.98	4953.94	6617.21	resolved	resolved
si-p08-R-r039	8	R	39	8	8	24	50059.57	52822.22	7328.67	o	50059.57	52822.22	7328.67	resolved	resolved
si-p08-R-r040	8	R	40	2	10	24	184462.53	186164.95	8862.88	o	184462.53	186164.95	8862.88	resolved	resolved
si-p08-R-r041	8	R	41	4	10	24	538.05	1887.18	6461.78	o	538.05	1887.18	6461.78	resolved	resolved
si-p08-R-r042	8	R	42	6	10	24	667.98	-6997.27	6997.27	o	667.98	-6997.27	6997.27	resolved	resolved
si-p08-R-r043	8	R	43	8	10	24	915.19	1562.76	9138.93	o	915.19	1562.76	9138.93	resolved	resolved
si-p08-R-r044	8	R	44	10	10	24	50549.96	42271.75	7658.06	o	50549.96	42271.75	7658.06	resolved	resolved
si-p08-R-r045	8	R	45	0	12	24	92364.73	112086.38	7860.47	o	92364.73	112086.38	7860.47	resolved	resolved
si-p09-L-r001	9	L	1	2	12	24	2131.87	7453.7	6913.57	o	2131.87	7453.7	6913.57	resolved	resolved
si-p09-L-r002	9	L	2	4	12	24	93215.38	90428.33	8195.34	o	93215.38	90428.33	8195.34	resolved	resolved
si-p09-L-r003	9	L	3	6	12	24	4232.87	-971.07	7243.07	o	4232.87	-971.07	7243.07	resolved	resolved
si-p09-L-r004	9	L	4	8	12	24	72914.45	64957.69	8143.99	o	72914.45	64957.69	8143.99	resolved	resolved
si-p09-L-r005	9	L	5	10	12	24	523.02	8023.15	15658.36	o	523.02	8023.15	15658.36	resolved	resolved
si-p09-L-r006	9	L	6	12	12	24	424823.13	425325.53	22612.18	o	424823.13	425325.53	22612.18	resolved	resolved
si-p09-L-r007	9	L	7	2	14	24	83932.43	102739.92	11301.41	o	83932.43	102739.92	11301.41	resolved	resolved
si-p09-L-r008	9	L	8	4	14	24	46.07	1208.7	6991.42	o	46.07	1208.7	6991.42	resolved	resolved
si-p09-L-r009	9	L	9	6	14	24	220792.13	233748.89	16273.19	o	220792.13	233748.89	16273.19	resolved	resolved
si-p09-L-r010	9	L	10	8	14	24	1844.34	174.63	7858.38	o	1844.34	174.63	7858.38	resolved	resolved
si-p09-L-r011	9	L	11	10	14	24	33733.45	33284.79	8068.55	o	33733.45	33284.79	8068.55	resolved	resolved
si-p09-L-r012	9	L	12	12	14	24	1518.1	-4703.37	13271.88	o	1518.1	-4703.37	13271.88	resolved	resolved
si-p09-L-r013	9	L	13	14	14	24	81589.5	80226.15	8895.64	o	81589.5	80226.15	8895.64	resolved	resolved
si-p09-L-r014	9	L	14	0	16	24	5395.85	16467.7	7200.2	o	5395.85	16467.7	7200.2	resolved	resolved
si-p09-L-r015	9	L	15	2	16	24	443.57	7540.36	7489.82	o	443.57	7540.36	7489.82	resolved	resolved
si-p09-L-r016	9	L	16	4	16	24	14478.45	14569.93	7615.28	o	14478.45	14569.93	7615.28	resolved	resolved
si-p09-L-r017	9	L	17	6	16	24	2153.41	5888.02	7367.46	o	2153.41	5888.02	7367.46	resolved	resolved
si-p09-L-r018	9	L	18	8	16	24	651683.25	655921.44	35417.89	o	651683.25	655921.44	35417.89	resolved	resolved
si-p09-L-r019	9	L	19	10	16	24	1568.01	6039.82	7861.37	o	1568.01	6039.82	7861.37	resolved	resolved
si-p09-L-r020	9	L	20	12	16	24	69	16015.69	9662.74	o	69.0	16015.69	9662.74	resolved	resolved
si-p09-L-r021	9	L	21	14	16	24	2548.8	6360.41	12689.88	o	2548.8	6360.41	12689.88	resolved	resolved
si-p09-L-r022	9	L	22	16	16	24	17159.31	20230.94	9015.05	o	17159.31	20230.94	9015.05	resolved	resolved
si-p09-L-r023	9	L	23	2	18	24	7943.08	5019.28	7771.64	o	7943.08	5019.28	7771.64	resolved	resolved
si-p09-L-r024	9	L	24	4	18	24	314.92	377.44	7819.15	o	314.92	377.44	7819.15	resolved	resolved
si-p09-L-r025	9	L	25	6	18	24	112940	118649.04	9805.68	o	112940.0	118649.04	9805.68	resolved	resolved
si-p09-L-r026	9	L	26	8	18	24	4234.44	1011.67	15076.74	o	4234.44	1011.67	15076.74	resolved	resolved
si-p09-L-r027	9	L	27	10	18	24	224348.59	208571.13	11119.59	o	224348.59	208571.13	11119.59	resolved	resolved
si-p09-L-r028	9	L	28	12	18	24	1274.51	-7218.02	8643.72	o	1274.51	-7218.02	8643.72	resolved	resolved
si-p09-L-r029	9	L	29	14	18	24	2634.43	9309.3	8767.01	o	2634.43	9309.3	8767.01	resolved	resolved
si-p09-L-r030	9	L	30	16	18	24	7950.17	-958.11	8972.35	o	7950.17	-958.11	8972.35	resolved	resolved
si-p09-L-r031	9	L	31	18	18	24	34372.26	41607.56	9789.42	o	34372.26	41607.56	9789.42	resolved	resolved
si-p09-L-r032	9	L	32	0	20	24	65658.99	62773.06	19103.29	o	65658.99	62773.06	19103.29	resolved	resolved
si-p09-L-r033	9	L	33	2	20	24	1449.01	-902.85	8062.45	o	1449.01	-902.85	8062.45	resolved	resolved
si-p09-L-r034	9	L	34	4	20	24	59558.76	56296.93	15258.5	o	59558.76	56296.93	15258.5	resolved	resolved
si-p09-L-r035	9	L	35	6	20	24	330.48	-4889.59	8479.01	o	330.48	-4889.59	8479.01	resolved	resolved
si-p09-L-r036	9	L	36	8	20	24	31321.39	42188.6	9024.78	o	31321.39	42188.6	9024.78	resolved	resolved
si-p09-L-r037	9	L	37	10	20	24	199.74	-8724.8	8724.8	o	199.74	-8724.8	8724.8	resolved	resolved
si-p09-L-r038	9	L	38	12	20	24	27489.26	27924.32	9013.54	o	27489.26	27924.32	9013.54	resolved	resolved
si-p09-L-r039	9	L	39	14	20	24	65.24	6456.75	9093.88	o	65.24	6456.75	9093.88	resolved	resolved
si-p09-L-r040	9	L	40	16	20	24	36.05	12228.03	13504.54	o	36.05	12228.03	13504.54	resolved	resolved
si-p09-L-r041	9	L	41	18	20	24	10.73	8968.29	15367.24	o	10.73	8968.29	15367.24	resolved	resolved
si-p09-L-r042	9	L	42	20	20	24	5220.87	435.97	11351.25	o	5220.87	435.97	11351.25	resolved	resolved
si-p09-L-r043	9	L	43	2	22	24	71787.09	73204.99	9500.52	o	71787.09	73204.99	9500.52	resolved	resolved
si-p09-L-r044	9	L	44	4	22	24	59.87	2323.76	8313.13	o	59.87	2323.76	8313.13	resolved	resolved
si-p09-L-r045	9	L	45	6	22	24	10353.25	10937.82	12166.76	o	10353.25	10937.82	12166.76	resolved	resolved
si-p09-R-r001	9	R	1	8	22	24	150.58	6577.91	10012	o	150.58	6577.91	10012.0	resolved	resolved
si-p09-R-r002	9	R	2	10	22	24	14271.17	9398.66	10769.93	o	14271.17	9398.66	10769.93	resolved	resolved
si-p09-R-r003	9	R	3	12	22	24	5335.19	10529.27	9176.6	o	5335.19	10529.27	9176.6	resolved	resolved
si-p09-R-r004	9	R	4	14	22	24	13431.32	16600.64	9298.79	o	13431.32	16600.64	9298.79	resolved	resolved
si-p09-R-r005	9	R	5	16	22	24	198.3	10409.85	9457.19	o	198.3	10409.85	9457.19	resolved	resolved
si-p09-R-r006	9	R	6	18	22	24	59636.04	62048.08	10377.02	o	59636.04	62048.08	10377.02	resolved	resolved
si-p09-R-r007	9	R	7	20	22	24	1.05	-2590.67	10083.98	o	1.05	-2590.67	10083.98	resolved	resolved
si-p09-R-r008	9	R	8	22	22	24	13455.3	3596	18628.79	o	13455.3	3596.0	18628.79	resolved	resolved
si-p09-R-r009	9	R	9	0	24	24	581793.06	607139.94	21754.58	o	581793.06	607139.94	21754.58	resolved	resolved
si-p09-R-r010	9	R	10	2	24	24	1042.38	4423.94	13038.97	o	1042.38	4423.94	13038.97	resolved	resolved
si-p09-R-r011	9	R	11	4	24	24	12274.39	3958.61	13505.86	o	12274.39	3958.61	13505.86	resolved	resolved
si-p09-R-r012	9	R	12	6	24	24	502.15	1513.45	13737.43	o	502.15	1513.45	13737.43	resolved	resolved
si-p09-R-r013	9	R	13	8	24	24	65187.9	50085.61	15025.68	o	65187.9	50085.61	15025.68	resolved	resolved
si-p09-R-r014	9	R	14	10	24	24	149.86	-1047.77	13038.88	o	149.86	-1047.77	13038.88	resolved	resolved
si-p09-R-r015	9	R	15	12	24	24	3480.55	-7450.98	13388.48	o	3480.55	-7450.98	13388.48	resolved	resolved
si-p09-R-r016	9	R	16	14	24	24	5209.92	10361.65	13970.77	o	5209.92	10361.65	13970.77	resolved	resolved
si-p09-R-r017	9	R	17	16	24	24	311397.91	319498.25	19370.6	o	311397.91	319498.25	19370.6	resolved	resolved
si-p09-R-r018	9	R	18	18	24	24	2151.36	-12224.13	14668.96	o	2151.36	-12224.13	14668.96	resolved	resolved
si-p09-R-r019	9	R	19	20	24	24	4049.09	-12689.99	14552.74	o	4049.09	-12689.99	14552.74	resolved	resolved
si-p09-R-r020	9	R	20	1	1	25	105162.81	117272.86	8624.18	o	105162.81	117272.86	8624.18	resolved	resolved
si-p09-R-r021	9	R	21	1	3	25	12204.06	12292.59	6811.32	o	12204.06	12292.59	6811.32	resolved	resolved
si-p09-R-r022	9	R	22	3	3	25	13889.56	13246.41	11177.73	o	13889.56	13246.41	11177.73	resolved	resolved
si-p09-R-r023	9	R	23	1	5	25	97561.91	96777.32	12002.82	o	97561.91	96777.32	12002.82	resolved	resolved
si-p09-R-r024	9	R	24	3	5	25	182838.38	183857.34	9097.17	o	182838.38	183857.34	9097.17	resolved	resolved
si-p09-R-r025	9	R	25	5	5	25	7862.65	6701.12	8732.06	o	7862.65	6701.12	8732.06	resolved	resolved
si-p09-R-r026	9	R	26	1	7	25	133930.03	142948.19	8241.66	o	133930.03	142948.19	8241.66	resolved	resolved
si-p09-R-r027	9	R	27	3	7	25	77253.05	75627.43	12291.46	o	77253.05	75627.43	12291.46	resolved	resolved
si-p09-R-r028	9	R	28	5	7	25	13174.06	20816.53	7079.02	o	13174.06	20816.53	7079.02	resolved	resolved
si-p09-R-r029	9	R	29	7	7	25	7050.53	18636.63	6831.56	o	7050.53	18636.63	6831.56	resolved	resolved
si-p09-R-r030	9	R	30	1	9	25	35181.14	46855.71	7119.92	o	35181.14	46855.71	7119.92	resolved	resolved
si-p09-R-r031	9	R	31	3	9	25	32171.28	25609.7	7451.95	o	32171.28	25609.7	7451.95	resolved	resolved
si-p09-R-r032	9	R	32	5	9	25	92885.19	84994.8	8238.09	o	92885.19	84994.8	8238.09	resolved	resolved
si-p09-R-r033	9	R	33	7	9	25	30646.55	29023.69	7493.31	o	30646.55	29023.69	7493.31	resolved	resolved
si-p09-R-r034	9	R	34	9	9	25	181418.55	179646.05	12477.69	o	181418.55	179646.05	12477.69	resolved	resolved
si-p09-R-r035	9	R	35	1	11	25	62072.27	64003.09	7674.74	o	62072.27	64003.09	7674.74	resolved	resolved
si-p09-R-r036	9	R	36	3	11	25	2498.62	2503.06	6997.39	o	2498.62	2503.06	6997.39	resolved	resolved
si-p09-R-r037	9	R	37	5	11	25	10365.92	7257.87	7572.86	o	10365.92	7257.87	7572.86	resolved	resolved
si-p09-R-r038	9	R	38	7	11	25	1797.53	11284.75	7149.22	o	1797.53	11284.75	7149.22	resolved	resolved
si-p09-R-r039	9	R	39	9	11	25	3049.78	-1334.92	7321.16	o	3049.78	-1334.92	7321.16	resolved	resolved
si-p09-R-r040	9	R	40	11	11	25	1466.73	-6694.15	8324.03	o	1466.73	-6694.15	8324.03	resolved	resolved
si-p09-R-r041	9	R	41	1	13	25	4313.29	-931.38	7244.47	o	4313.29	-931.38	7244.47	resolved	resolved
si-p09-R-r042	9	R	42	3	13	25	53546.46	36237.54	8112.22	o	53546.46	36237.54	8112.22	resolved	resolved
si-p09-R-r043	9	R	43	5	13	25	106853.03	117812.24	11769.71	o	106853.03	117812.24	11769.71	resolved	resolved
si-p09-R-r044	9	R	44	7	13	25	39785.7	30126.98	7943.87	o	39785.7	30126.98	7943.87	resolved	resolved
si-p09-R-r045	9	R	45	9	13	25	2644.96	4048.8	7742.01	o	2644.96	4048.8	7742.01	resolved	resolved
si-p10-L-r001	10	L	1	11	13	25	11632.85	9638.04	8026.72	o	11632.85	9638.04	8026.72	resolved	resolved
si-p10-L-r002	10	L	2	13	13	25	17770.11	17712.27	8228.34	o	17770.11	17712.27	8228.34	resolved	resolved
si-p10-L-r003	10	L	3	1	15	25	121730.67	128817.85	16199.83	o	121730.67	128817.85	16199.83	resolved	resolved
si-p10-L-r004	10	L	4	3	15	25	10265.79	2360.34	7694.68	o	10265.79	2360.34	7694.68	resolved	resolved
si-p10-L-r005	10	L	5	5	15	25	29081.81	44609.09	7982.04	o	29081.81	44609.09	7982.04	resolved	resolved
si-p10-L-r006	10	L	6	7	15	25	325602.69	326118.31	11186.03	o	325602.69	326118.31	11186.03	resolved	resolved
si-p10-L-r007	10	L	7	9	15	25	121012.32	124442.27	11246.16	o	121012.32	124442.27	11246.16	resolved	resolved
si-p10-L-r008	10	L	8	11	15	25	1417.24	-1657.98	8340.72	o	1417.24	-1657.98	8340.72	resolved	resolved
si-p10-L-r009	10	L	9	13	15	25	9.48	-8759.87	8759.87	o	9.48	-8759.87	8759.87	resolved	resolved
si-p10-L-r010	10	L	10	15	15	25	10596.89	16650.93	11060.71	o	10596.89	16650.93	11060.71	resolved	resolved
si-p10-L-r011	10	L	11	1	17	25	25550.96	28896.48	8397.33	o	25550.96	28896.48	8397.33	resolved	resolved
si-p10-L-r012	10	L	12	3	17	25	96559.88	87750.8	9186.14	o	96559.88	87750.8	9186.14	resolved	resolved
si-p10-L-r013	10	L	13	5	17	25	50752.74	53873.02	8688.3	o	50752.74	53873.02	8688.3	resolved	resolved
si-p10-L-r014	10	L	14	7	17	25	128881.14	125760.12	12004.31	o	128881.14	125760.12	12004.31	resolved	resolved
si-p10-L-r015	10	L	15	9	17	25	87479.8	79759.47	9364.38	o	87479.8	79759.47	9364.38	resolved	resolved
si-p10-L-r016	10	L	16	11	17	25	74766.66	84777.39	14969.08	o	74766.66	84777.39	14969.08	resolved	resolved
si-p10-L-r017	10	L	17	13	17	25	23295.09	20286.44	9489.91	o	23295.09	20286.44	9489.91	resolved	resolved
si-p10-L-r018	10	L	18	15	17	25	4984.48	19250.72	9127.91	o	4984.48	19250.72	9127.91	resolved	resolved
si-p10-L-r019	10	L	19	17	17	25	29191.13	21833.49	9880.71	o	29191.13	21833.49	9880.71	resolved	resolved
si-p10-L-r020	10	L	20	1	19	25	11742.33	26182.1	20549.9	o	11742.33	26182.1	20549.9	resolved	resolved
si-p10-L-r021	10	L	21	3	19	25	150.64	-873.14	8232.04	o	150.64	-873.14	8232.04	resolved	resolved
si-p10-L-r022	10	L	22	5	19	25	98141.2	100740.75	9915.21	o	98141.2	100740.75	9915.21	resolved	resolved
si-p10-L-r023	10	L	23	7	19	25	45444.11	31336.43	12345.02	o	45444.11	31336.43	12345.02	resolved	resolved
si-p10-L-r024	10	L	24	9	19	25	43072.55	26320.92	9426.59	o	43072.55	26320.92	9426.59	resolved	resolved
si-p10-L-r025	10	L	25	11	19	25	6434.44	668.4	9210.43	o	6434.44	668.4	9210.43	resolved	resolved
si-p10-L-r026	10	L	26	13	19	25	22612.23	28379.02	9217.13	o	22612.23	28379.02	9217.13	resolved	resolved
si-p10-L-r027	10	L	27	15	19	25	11144.72	-1060.85	9588.77	o	11144.72	-1060.85	9588.77	resolved	resolved
si-p10-L-r028	10	L	28	17	19	25	12102.99	15640.51	12283.3	o	12102.99	15640.51	12283.3	resolved	resolved
si-p10-L-r029	10	L	29	19	19	25	124.78	5888.54	19092.64	o	124.78	5888.54	19092.64	resolved	resolved
si-p10-L-r030	10	L	30	1	21	25	8478.68	28699.15	8397.25	o	8478.68	28699.15	8397.25	resolved	resolved
si-p10-L-r031	10	L	31	3	21	25	2832.57	6437.82	8849.35	o	2832.57	6437.82	8849.35	resolved	resolved
si-p10-L-r032	10	L	32	5	21	25	498.03	-4545.68	8962.75	o	498.03	-4545.68	8962.75	resolved	resolved
si-p10-L-r033	10	L	33	7	21	25	8278.61	15598.99	9014.39	o	8278.61	15598.99	9014.39	resolved	resolved
si-p10-L-r034	10	L	34	9	21	25	1917.28	-9545.04	9545.04	o	1917.28	-9545.04	9545.04	resolved	resolved
si-p10-L-r035	10	L	35	11	21	25	19854.2	24829.26	9496.4	o	19854.2	24829.26	9496.4	resolved	resolved
si-p10-L-r036	10	L	36	13	21	25	178.99	3463.84	12282.17	o	178.99	3463.84	12282.17	resolved	resolved
si-p10-L-r037	10	L	37	15	21	25	4463.73	18186.82	9425.73	o	4463.73	18186.82	9425.73	resolved	resolved
si-p10-L-r038	10	L	38	17	21	25	57147.21	55337.69	10241.17	o	57147.21	55337.69	10241.17	resolved	resolved
si-p10-L-r039	10	L	39	19	21	25	7469.48	19108.12	9627.79	o	7469.48	19108.12	9627.79	resolved	resolved
si-p10-L-r040	10	L	40	21	21	25	15526.34	22762.41	10291.21	o	15526.34	22762.41	10291.21	resolved	resolved
si-p10-L-r041	10	L	41	1	23	25	71904.65	63984.52	11939.76	o	71904.65	63984.52	11939.76	resolved	resolved
si-p10-L-r042	10	L	42	3	23	25	79.01	-963.95	9258.57	o	79.01	-963.95	9258.57	resolved	resolved
si-p10-L-r043	10	L	43	5	23	25	5247.87	16710.9	15367.88	o	5247.87	16710.9	15367.88	resolved	resolved
si-p10-L-r044	10	L	44	7	23	25	36667.32	31868.23	9428.13	o	36667.32	31868.23	9428.13	resolved	resolved
si-p10-L-r045	10	L	45	9	23	25	113804.3	112584.84	10980.81	o	113804.3	112584.84	10980.81	resolved	resolved
si-p10-R-r001	10	R	1	11	23	25	4391.06	21615.06	9954.12	o	4391.06	21615.06	9954.12	resolved	resolved
si-p10-R-r002	10	R	2	13	23	25	51.43	3482.07	9109.78	o	51.43	3482.07	9109.78	resolved	resolved
si-p10-R-r003	10	R	3	15	23	25	51537.46	47407.85	10497.74	o	51537.46	47407.85	10497.74	resolved	resolved
si-p10-R-r004	10	R	4	17	23	25	53090.94	60822.35	20963.61	o	53090.94	60822.35	20963.61	resolved	resolved
si-p10-R-r005	10	R	5	19	23	25	99.23	-6844.48	10710.5	o	99.23	-6844.48	10710.5	resolved	resolved
si-p10-R-r006	10	R	6	21	23	25	1332.26	97.72	10248.73	o	1332.26	97.72	10248.73	resolved	resolved
si-p10-R-r007	10	R	7	1	25	25	20171.72	43896.66	13972.41	o	20171.72	43896.66	13972.41	resolved	resolved
si-p10-R-r008	10	R	8	3	25	25	17737.75	15602.23	13739.27	o	17737.75	15602.23	13739.27	resolved	resolved
si-p10-R-r009	10	R	9	5	25	25	11661.39	19327.21	13971.48	o	11661.39	19327.21	13971.48	resolved	resolved
si-p10-R-r010	10	R	10	7	25	25	9466.81	0	13272.67	o	9466.81	0.0	13272.67	resolved	resolved
si-p10-R-r011	10	R	11	9	25	25	70788.93	59987.92	14793.14	o	70788.93	59987.92	14793.14	resolved	resolved
si-p10-R-r012	10	R	12	11	25	25	4172.11	18278.28	13272.12	o	4172.11	18278.28	13272.12	resolved	resolved
si-p10-R-r013	10	R	13	13	25	25	3329.62	2212.01	13388.45	o	3329.62	2212.01	13388.45	resolved	resolved
si-p10-R-r014	10	R	14	15	25	25	41546.54	22708.58	15022.6	o	41546.54	22708.58	15022.6	resolved	resolved
si-p10-R-r015	10	R	15	17	25	25	51638.99	47982.53	16188.28	o	51638.99	47982.53	16188.28	resolved	resolved
si-p10-R-r016	10	R	16	19	25	25	24243.15	10479.5	15137.05	o	24243.15	10479.5	15137.05	resolved	resolved
si-p10-R-r017	10	R	17	0	2	26	79180.22	89960.48	7785	o	79180.22	89960.48	7785.0	resolved	resolved
si-p10-R-r018	10	R	18	2	2	26	241820.41	237456.5	9323.14	o	241820.41	237456.5	9323.14	resolved	resolved
si-p10-R-r019	10	R	19	2	4	26	65356.14	66218.09	7451.65	o	65356.14	66218.09	7451.65	resolved	resolved
si-p10-R-r020	10	R	20	4	4	26	167870.02	156694.97	8531.28	o	167870.02	156694.97	8531.28	resolved	resolved
si-p10-R-r021	10	R	21	0	6	26	85808.44	97260.48	7990.4	o	85808.44	97260.48	7990.4	resolved	resolved
si-p10-R-r022	10	R	22	2	6	26	366.51	-9384.73	11176.21	o	366.51	-9384.73	11176.21	resolved	resolved
si-p10-R-r023	10	R	23	4	6	26	35233.36	31050.29	7728.89	o	35233.36	31050.29	7728.89	resolved	resolved
si-p10-R-r024	10	R	24	6	6	26	216566.06	194438.89	9362.19	o	216566.06	194438.89	9362.19	resolved	resolved
si-p10-R-r025	10	R	25	2	8	26	141825.44	152602.08	8626.54	o	141825.44	152602.08	8626.54	resolved	resolved
si-p10-R-r026	10	R	26	4	8	26	64.94	-7199.85	7199.85	o	64.94	-7199.85	7199.85	resolved	resolved
si-p10-R-r027	10	R	27	6	8	26	21867.77	29168.03	7451.16	o	21867.77	29168.03	7451.16	resolved	resolved
si-p10-R-r028	10	R	28	8	8	26	229.22	999.32	9138.87	o	229.22	999.32	9138.87	resolved	resolved
si-p10-R-r029	10	R	29	0	10	26	80719.46	76088.52	8189.26	o	80719.46	76088.52	8189.26	resolved	resolved
si-p10-R-r030	10	R	30	2	10	26	44145.88	55687.07	7617.42	o	44145.88	55687.07	7617.42	resolved	resolved
si-p10-R-r031	10	R	31	4	10	26	1944.42	4989.74	7038.15	o	1944.42	4989.74	7038.15	resolved	resolved
si-p10-R-r032	10	R	32	6	10	26	213890.45	219256.69	10136.13	o	213890.45	219256.69	10136.13	resolved	resolved
si-p10-R-r033	10	R	33	8	10	26	40343.78	33955.36	11354.93	o	40343.78	33955.36	11354.93	resolved	resolved
si-p10-R-r034	10	R	34	10	10	26	180033.31	182812.88	9675.18	o	180033.31	182812.88	9675.18	resolved	resolved
si-p10-R-r035	10	R	35	2	12	26	18451.28	31724.31	7157.39	o	18451.28	31724.31	7157.39	resolved	resolved
si-p10-R-r036	10	R	36	4	12	26	70355.94	63733.93	8110.88	o	70355.94	63733.93	8110.88	resolved	resolved
si-p10-R-r037	10	R	37	6	12	26	8466.1	8897.3	7655.04	o	8466.1	8897.3	7655.04	resolved	resolved
si-p10-R-r038	10	R	38	8	12	26	4170.1	6370.08	7650.76	o	4170.1	6370.08	7650.76	resolved	resolved
si-p10-R-r039	10	R	39	10	12	26	963.52	8677.04	7572.19	o	963.52	8677.04	7572.19	resolved	resolved
si-p10-R-r040	10	R	40	12	12	26	57123.19	57779.5	8893.79	o	57123.19	57779.5	8893.79	resolved	resolved
si-p10-R-r041	10	R	41	0	14	26	190000.97	198422.48	10203.81	o	190000.97	198422.48	10203.81	resolved	resolved
si-p10-R-r042	10	R	42	2	14	26	189814.77	191874.67	20349.21	o	189814.77	191874.67	20349.21	resolved	resolved
si-p10-R-r043	10	R	43	4	14	26	83003.16	87918.66	9669.81	o	83003.16	87918.66	9669.81	resolved	resolved
si-p10-R-r044	10	R	44	6	14	26	37846.52	47774.69	9840.62	o	37846.52	47774.69	9840.62	resolved	resolved
si-p10-R-r045	10	R	45	8	14	26	228297.75	232804.56	10640.26	o	228297.75	232804.56	10640.26	resolved	resolved
si-p11-L-r001	11	L	1	10	14	26	3139.77	232.84	10012.26	o	3139.77	232.84	10012.26	resolved	resolved
si-p11-L-r002	11	L	2	12	14	26	579.45	-5689.84	8477.83	o	579.45	-5689.84	8477.83	resolved	resolved
si-p11-L-r003	11	L	3	14	14	26	97299.35	104617.57	9432.95	o	97299.35	104617.57	9432.95	resolved	resolved
si-p11-L-r004	11	L	4	2	16	26	10208.44	20629.6	7941.73	o	10208.44	20629.6	7941.73	resolved	resolved
si-p11-L-r005	11	L	5	4	16	26	895.25	1253.93	9895.65	o	895.25	1253.93	9895.65	resolved	resolved
si-p11-L-r006	11	L	6	6	16	26	80460.98	74663.24	14795.3	o	80460.98	74663.24	14795.3	resolved	resolved
si-p11-L-r007	11	L	7	8	16	26	64.59	-14377.69	14377.69	o	64.59	-14377.69	14377.69	resolved	resolved
si-p11-L-r008	11	L	8	10	16	26	95688.62	99617.87	9387.66	o	95688.62	99617.87	9387.66	resolved	resolved
si-p11-L-r009	11	L	9	12	16	26	1367.61	-8556.85	8556.85	o	1367.61	-8556.85	8556.85	resolved	resolved
si-p11-L-r010	11	L	10	14	16	26	4564.49	9400.87	9313.82	o	4564.49	9400.87	9313.82	resolved	resolved
si-p11-L-r011	11	L	11	16	16	26	4396.94	-9097.89	9097.89	o	4396.94	-9097.89	9097.89	resolved	resolved
si-p11-L-r012	11	L	12	0	18	26	52264.7	52215.6	8646.26	o	52264.7	52215.6	8646.26	resolved	resolved
si-p11-L-r013	11	L	13	2	18	26	107686.7	110230.24	9553.55	o	107686.7	110230.24	9553.55	resolved	resolved
si-p11-L-r014	11	L	14	4	18	26	82074.11	85393.01	9186.56	o	82074.11	85393.01	9186.56	resolved	resolved
si-p11-L-r015	11	L	15	6	18	26	11288.91	12373.07	9430.78	o	11288.91	12373.07	9430.78	resolved	resolved
si-p11-L-r016	11	L	16	8	18	26	163130.95	162192.94	11037.44	o	163130.95	162192.94	11037.44	resolved	resolved
si-p11-L-r017	11	L	17	10	18	26	22501.68	15225.29	9129.22	o	22501.68	15225.29	9129.22	resolved	resolved
si-p11-L-r018	11	L	18	12	18	26	70.56	-10885.13	10885.13	o	70.56	-10885.13	10885.13	resolved	resolved
si-p11-L-r019	11	L	19	14	18	26	67668.13	56123.09	11240.39	o	67668.13	56123.09	11240.39	resolved	resolved
si-p11-L-r020	11	L	20	16	18	26	1974.23	6662.46	9210.09	o	1974.23	6662.46	9210.09	resolved	resolved
si-p11-L-r021	11	L	21	18	18	26	59011.4	62880.52	10251.27	o	59011.4	62880.52	10251.27	resolved	resolved
si-p11-L-r022	11	L	22	2	20	26	2894.66	9022.64	8479.19	o	2894.66	9022.64	8479.19	resolved	resolved
si-p11-L-r023	11	L	23	4	20	26	66264.61	54044.59	16540.36	o	66264.61	54044.59	16540.36	resolved	resolved
si-p11-L-r024	11	L	24	6	20	26	66057.63	58122.44	10126.8	o	66057.63	58122.44	10126.8	resolved	resolved
si-p11-L-r025	11	L	25	8	20	26	5.12	-8302.98	15658.28	o	5.12	-8302.98	15658.28	resolved	resolved
si-p11-L-r026	11	L	26	10	20	26	806.42	-8847.86	9093.93	o	806.42	-8847.86	9093.93	resolved	resolved
si-p11-L-r027	11	L	27	12	20	26	56498.68	57821.68	10168.82	o	56498.68	57821.68	10168.82	resolved	resolved
si-p11-L-r028	11	L	28	14	20	26	8341.67	14899.03	9590.67	o	8341.67	14899.03	9590.67	resolved	resolved
si-p11-L-r029	11	L	29	16	20	26	144.4	3523.19	9383.44	o	144.4	3523.19	9383.44	resolved	resolved
si-p11-L-r030	11	L	30	18	20	26	61286.36	82058.87	10333.74	o	61286.36	82058.87	10333.74	resolved	resolved
si-p11-L-r031	11	L	31	20	20	26	32156.91	22490.36	10613.23	o	32156.91	22490.36	10613.23	resolved	resolved
si-p11-L-r032	11	L	32	0	22	26	58576.72	85297.25	10086.69	o	58576.72	85297.25	10086.69	resolved	resolved
si-p11-L-r033	11	L	33	2	22	26	905.23	-232.84	11525.51	o	905.23	-232.84	11525.51	resolved	resolved
si-p11-L-r034	11	L	34	4	22	26	271.45	-9425.42	9425.42	o	271.45	-9425.42	9425.42	resolved	resolved
si-p11-L-r035	11	L	35	6	22	26	93239.04	90049.66	10503.33	o	93239.04	90049.66	10503.33	resolved	resolved
si-p11-L-r036	11	L	36	8	22	26	89196.43	73771.24	10210.88	o	89196.43	73771.24	10210.88	resolved	resolved
si-p11-L-r037	11	L	37	10	22	26	98904.94	94796.12	14272.22	o	98904.94	94796.12	14272.22	resolved	resolved
si-p11-L-r038	11	L	38	12	22	26	240.37	11234.4	9219.89	o	240.37	11234.4	9219.89	resolved	resolved
si-p11-L-r039	11	L	39	14	22	26	1965.18	-9830.96	9830.96	o	1965.18	-9830.96	9830.96	resolved	resolved
si-p11-L-r040	11	L	40	16	22	26	35998.97	61988.86	17234.58	o	35998.97	61988.86	17234.58	resolved	resolved
si-p11-L-r041	11	L	41	18	22	26	1145.45	5521.61	10084.07	o	1145.45	5521.61	10084.07	resolved	resolved
si-p11-L-r042	11	L	42	20	22	26	198.49	-3608.98	10290.05	o	198.49	-3608.98	10290.05	resolved	resolved
si-p11-L-r043	11	L	43	2	24	26	35580.85	39296.73	9891.37	o	35580.85	39296.73	9891.37	resolved	resolved
si-p11-L-r044	11	L	44	4	24	26	1620.19	2369.36	8889.56	o	1620.19	2369.36	8889.56	resolved	resolved
si-p11-L-r045	11	L	45	6	24	26	927.47	3332.5	21945.03	o	927.47	3332.5	21945.03	resolved	resolved
si-p11-R-r001	11	R	1	8	24	26	1814.72	12103.57	9275.03	o	1814.72	12103.57	9275.03	resolved	resolved
si-p11-R-r002	11	R	2	10	24	26	45317.41	51261.24	10367.11	o	45317.41	51261.24	10367.11	resolved	resolved
si-p11-R-r003	11	R	3	12	24	26	1054.3	-5505.61	9837.44	o	1054.3	-5505.61	9837.44	resolved	resolved
si-p11-R-r004	11	R	4	14	24	26	20754.2	4291.31	10248.23	o	20754.2	4291.31	10248.23	resolved	resolved
si-p11-R-r005	11	R	5	16	24	26	20.25	-3839.49	10275.97	o	20.25	-3839.49	10275.97	resolved	resolved
si-p11-R-r006	11	R	6	18	24	26	45784.77	30737.8	11116.02	o	45784.77	30737.8	11116.02	resolved	resolved
si-p11-R-r007	11	R	7	0	26	26	8395.74	12574	13621.83	o	8395.74	12574.0	13621.83	resolved	resolved
si-p11-R-r008	11	R	8	2	26	26	5025.02	4424.07	14320.02	o	5025.02	4424.07	14320.02	resolved	resolved
si-p11-R-r009	11	R	9	4	26	26	57458.82	59049.84	14558.64	o	57458.82	59049.84	14558.64	resolved	resolved
si-p11-R-r010	11	R	10	6	26	26	9356.57	6170.61	13971.2	o	9356.57	6170.61	13971.2	resolved	resolved
si-p11-R-r011	11	R	11	8	26	26	5855.47	-3376.28	13621.56	o	5855.47	-3376.28	13621.56	resolved	resolved
si-p11-R-r012	11	R	12	10	26	26	54913.95	49032.19	14907.65	o	54913.95	49032.19	14907.65	resolved	resolved
si-p11-R-r013	11	R	13	12	26	26	422.31	1164.19	14203.1	o	422.31	1164.19	14203.1	resolved	resolved
si-p11-R-r014	11	R	14	14	26	26	15.84	-14203.05	14203.05	o	15.84	-14203.05	14203.05	resolved	resolved
si-p11-R-r015	11	R	15	16	26	26	77441.76	73035.26	15725.29	o	77441.76	73035.26	15725.29	resolved	resolved
si-p11-R-r016	11	R	16	1	1	27	1048.04	1060.03	7038.09	o	1048.04	1060.03	7038.09	resolved	resolved
si-p11-R-r017	11	R	17	1	3	27	205.63	-4535.62	10885.15	o	205.63	-4535.62	10885.15	resolved	resolved
si-p11-R-r018	11	R	18	3	3	27	252049.77	248150.81	9777.92	o	252049.77	248150.81	9777.92	resolved	resolved
si-p11-R-r019	11	R	19	1	5	27	61117.63	51778.23	7823.63	o	61117.63	51778.23	7823.63	resolved	resolved
si-p11-R-r020	11	R	20	3	5	27	25233.14	32687.68	7369.06	o	25233.14	32687.68	7369.06	resolved	resolved
si-p11-R-r021	11	R	21	5	5	27	4081.79	-1106.02	7491.43	o	4081.79	-1106.02	7491.43	resolved	resolved
si-p11-R-r022	11	R	22	1	7	27	87.4	1769.3	7285	o	87.4	1769.3	7285.0	resolved	resolved
si-p11-R-r023	11	R	23	3	7	27	191997.94	178063.42	9308.87	o	191997.94	178063.42	9308.87	resolved	resolved
si-p11-R-r024	11	R	24	5	7	27	34890.72	23389.12	7778.82	o	34890.72	23389.12	7778.82	resolved	resolved
si-p11-R-r025	11	R	25	7	7	27	784.66	3087.07	7325.17	o	784.66	3087.07	7325.17	resolved	resolved
si-p11-R-r026	11	R	26	1	9	27	17976.1	28833.64	8092.41	o	17976.1	28833.64	8092.41	resolved	resolved
si-p11-R-r027	11	R	27	3	9	27	119283.93	117170.91	8934.34	o	119283.93	117170.91	8934.34	resolved	resolved
si-p11-R-r028	11	R	28	5	9	27	329.44	-7778.96	7778.96	o	329.44	-7778.96	7778.96	resolved	resolved
si-p11-R-r029	11	R	29	7	9	27	10354.91	5112.3	7697.33	o	10354.91	5112.3	7697.33	resolved	resolved
si-p11-R-r030	11	R	30	9	9	27	29.4	-789.73	7983.8	o	29.4	-789.73	7983.8	resolved	resolved
si-p11-R-r031	11	R	31	1	11	27	119043.16	119213.45	8981.36	o	119043.16	119213.45	8981.36	resolved	resolved
si-p11-R-r032	11	R	32	3	11	27	74561.09	81685.79	8113.64	o	74561.09	81685.79	8113.64	resolved	resolved
si-p11-R-r033	11	R	33	5	11	27	12567.46	10864.86	7694.83	o	12567.46	10864.86	7694.83	resolved	resolved
si-p11-R-r034	11	R	34	7	11	27	4164.08	3286.12	7654.74	o	4164.08	3286.12	7654.74	resolved	resolved
si-p11-R-r035	11	R	35	9	11	27	2443.17	[sign_unresolved]1965.46	7694.14	o	2443.17		7694.14	resolved	unresolved_from_retained_scan
si-p11-R-r036	11	R	36	11	11	27	64202.11	71194.15	9018.72	o	64202.11	71194.15	9018.72	resolved	resolved
si-p11-R-r037	11	R	37	1	13	27	12918.3	11296.25	8674.16	o	12918.3	11296.25	8674.16	resolved	resolved
si-p11-R-r038	11	R	38	3	13	27	77821.34	87689.04	8565.95	o	77821.34	87689.04	8565.95	resolved	resolved
si-p11-R-r039	11	R	39	5	13	27	23515.63	23314.78	8184.79	o	23515.63	23314.78	8184.79	resolved	resolved
si-p11-R-r040	11	R	40	7	13	27	132750.83	121999.84	9598.88	o	132750.83	121999.84	9598.88	resolved	resolved
si-p11-R-r041	11	R	41	9	13	27	95118.48	82581.6	9227.32	o	95118.48	82581.6	9227.32	resolved	resolved
si-p11-R-r042	11	R	42	11	13	27	19782.81	34004.87	25499.87	o	19782.81	34004.87	25499.87	resolved	resolved
si-p11-R-r043	11	R	43	13	13	27	77428.08	81181.73	9923.61	o	77428.08	81181.73	9923.61	resolved	resolved
si-p11-R-r044	11	R	44	1	15	27	2894.13	-671.66	8026.11	o	2894.13	-671.66	8026.11	resolved	resolved
si-p11-R-r045	11	R	45	3	15	27	29449.76	23840.66	18456.97	o	29449.76	23840.66	18456.97	resolved	resolved
si-p12-L-r001	12	L	1	5	15	27	104147.08	101607.18	9388.48	o	104147.08	101607.18	9388.48	resolved	resolved
si-p12-L-r002	12	L	2	7	15	27	1136.59	2214.27	8355.28	o	1136.59	2214.27	8355.28	resolved	resolved
si-p12-L-r003	12	L	3	9	15	27	34594.27	24676.53	9343.59	o	34594.27	24676.53	9343.59	resolved	resolved
si-p12-L-r004	12	L	4	11	15	27	29082.33	27382.33	13391.32	o	29082.33	27382.33	13391.32	resolved	resolved
si-p12-L-r005	12	L	5	13	15	27	251.82	2622.09	8962.74	o	251.82	2622.09	8962.74	resolved	resolved
si-p12-L-r006	12	L	6	15	15	27	13673.7	25334.32	8827.15	o	13673.7	25334.32	8827.15	resolved	resolved
si-p12-L-r007	12	L	7	1	17	27	5191.32	-10227.36	31259.71	o	5191.32	-10227.36	31259.71	resolved	resolved
si-p12-L-r008	12	L	8	3	17	27	3881.08	-3117.84	8437.8	o	3881.08	-3117.84	8437.8	resolved	resolved
si-p12-L-r009	12	L	9	5	17	27	2545.71	1444.06	8760.05	o	2545.71	1444.06	8760.05	resolved	resolved
si-p12-L-r010	12	L	10	7	17	27	4394.01	10806.14	18802.26	o	4394.01	10806.14	18802.26	resolved	resolved
si-p12-L-r011	12	L	11	9	17	27	41619.39	24861.83	9865.32	o	41619.39	24861.83	9865.32	resolved	resolved
si-p12-L-r012	12	L	12	11	17	27	[sign_unresolved]3757.09	36543.56	8872.58	o		36543.56	8872.58	unresolved_from_retained_scan	resolved
si-p12-L-r013	12	L	13	13	17	27	1606.83	-4154.9	9254.29	o	1606.83	-4154.9	9254.29	resolved	resolved
si-p12-L-r014	12	L	14	15	17	27	6170.6	-8532.08	9540.04	o	6170.6	-8532.08	9540.04	resolved	resolved
si-p12-L-r015	12	L	15	17	17	27	42499.3	47811.82	10004.92	o	42499.3	47811.82	10004.92	resolved	resolved
si-p12-L-r016	12	L	16	1	19	27	20.16	-9025.92	11874.68	o	20.16	-9025.92	11874.68	resolved	resolved
si-p12-L-r017	12	L	17	3	19	27	105009.59	104507.77	9915.52	o	105009.59	104507.77	9915.52	resolved	resolved
si-p12-L-r018	12	L	18	5	19	27	17397.03	21516.04	14437.92	o	17397.03	21516.04	14437.92	resolved	resolved
si-p12-L-r019	12	L	19	7	19	27	41889.8	30372.73	10127.8	o	41889.8	30372.73	10127.8	resolved	resolved
si-p12-L-r020	12	L	20	9	19	27	99087.94	105265.13	10421.49	o	99087.94	105265.13	10421.49	resolved	resolved
si-p12-L-r021	12	L	21	11	19	27	74059.45	62498.68	10152.24	o	74059.45	62498.68	10152.24	resolved	resolved
si-p12-L-r022	12	L	22	13	19	27	35683.08	35360.58	9998.34	o	35683.08	35360.58	9998.34	resolved	resolved
si-p12-L-r023	12	L	23	15	19	27	9378.22	26633.15	9380.85	o	9378.22	26633.15	9380.85	resolved	resolved
si-p12-L-r024	12	L	24	17	19	27	555.26	-9178.61	9587.97	o	555.26	-9178.61	9587.97	resolved	resolved
si-p12-L-r025	12	L	25	19	19	27	65849	60335.44	10659.74	o	65849.0	60335.44	10659.74	resolved	resolved
si-p12-L-r026	12	L	26	1	21	27	45600.07	59229.98	9552.62	o	45600.07	59229.98	9552.62	resolved	resolved
si-p12-L-r027	12	L	27	3	21	27	12389.73	23001.43	9172.69	o	12389.73	23001.43	9172.69	resolved	resolved
si-p12-L-r028	12	L	28	5	21	27	76307.83	93951.25	10001.6	o	76307.83	93951.25	10001.6	resolved	resolved
si-p12-L-r029	12	L	29	7	21	27	1220.9	-9505.68	9505.68	o	1220.9	-9505.68	9505.68	resolved	resolved
si-p12-L-r030	12	L	30	9	21	27	348.15	-9313.5	9712.77	o	348.15	-9313.5	9712.77	resolved	resolved
si-p12-L-r031	12	L	31	11	21	27	40571.61	46067.33	9833.89	o	40571.61	46067.33	9833.89	resolved	resolved
si-p12-L-r032	12	L	32	13	21	27	5315.99	6725.97	9907.45	o	5315.99	6725.97	9907.45	resolved	resolved
si-p12-L-r033	12	L	33	15	21	27	45417.78	35964.69	18225.72	o	45417.78	35964.69	18225.72	resolved	resolved
si-p12-L-r034	12	L	34	17	21	27	32163.03	16482.77	10634.2	o	32163.03	16482.77	10634.2	resolved	resolved
si-p12-L-r035	12	L	35	19	21	27	7926.64	14501.14	10034.55	o	7926.64	14501.14	10034.55	resolved	resolved
si-p12-L-r036	12	L	36	21	21	27	22404.15	16565.12	12400.57	o	22404.15	16565.12	12400.57	resolved	resolved
si-p12-L-r037	12	L	37	1	23	27	9809.64	15565.1	9660.5	o	9809.64	15565.1	9660.5	resolved	resolved
si-p12-L-r038	12	L	38	3	23	27	36343.65	45080.63	9757.44	o	36343.65	45080.63	9757.44	resolved	resolved
si-p12-L-r039	12	L	39	5	23	27	13519.4	27923.42	9137.39	o	13519.4	27923.42	9137.39	resolved	resolved
si-p12-L-r040	12	L	40	7	23	27	29188.72	5293.64	9901.08	o	29188.72	5293.64	9901.08	resolved	resolved
si-p12-L-r041	12	L	41	9	23	27	4097.67	1343.68	10885.46	o	4097.67	1343.68	10885.46	resolved	resolved
si-p12-L-r042	12	L	42	11	23	27	263	-14668.75	14668.75	o	263.0	-14668.75	14668.75	resolved	resolved
si-p12-L-r043	12	L	43	13	23	27	52247.93	41374.6	10576.28	o	52247.93	41374.6	10576.28	resolved	resolved
si-p12-L-r044	12	L	44	15	23	27	556.53	-8414.55	10206.76	o	556.53	-8414.55	10206.76	resolved	resolved
si-p12-L-r045	12	L	45	17	23	27	71.5	13248.14	10154.32	o	71.5	13248.14	10154.32	resolved	resolved
si-p12-R-r001	12	R	1	1	25	27	10923.98	18722.04	9628.05	o	10923.98	18722.04	9628.05	resolved	resolved
si-p12-R-r002	12	R	2	3	25	27	47026.85	56492.62	19798.19	o	47026.85	56492.62	19798.19	resolved	resolved
si-p12-R-r003	12	R	3	5	25	27	6249.39	1201.73	11409.55	o	6249.39	1201.73	11409.55	resolved	resolved
si-p12-R-r004	12	R	4	7	25	27	4967.58	28454.16	10128.78	o	4967.58	28454.16	10128.78	resolved	resolved
si-p12-R-r005	12	R	5	9	25	27	3528	7320.59	18569.23	o	3528.0	7320.59	18569.23	resolved	resolved
si-p12-R-r006	12	R	6	11	25	27	3480.72	-8013.36	16881.11	o	3480.72	-8013.36	16881.11	resolved	resolved
si-p12-R-r007	12	R	7	13	25	27	25275.1	17017.65	10742.66	o	25275.1	17017.65	10742.66	resolved	resolved
si-p12-R-r008	12	R	8	15	25	27	18781.22	24101.91	10538.43	o	18781.22	24101.91	10538.43	resolved	resolved
si-p12-R-r009	12	R	9	1	27	27	8450.22	17929.57	14320.37	o	8450.22	17929.57	14320.37	resolved	resolved
si-p12-R-r010	12	R	10	3	27	27	3614.71	15716.91	13272.06	o	3614.71	15716.91	13272.06	resolved	resolved
si-p12-R-r011	12	R	11	5	27	27	105.17	8731.39	13737.39	o	105.17	8731.39	13737.39	resolved	resolved
si-p12-R-r012	12	R	12	7	27	27	745.4	14203.13	14319.55	o	745.4	14203.13	14319.55	resolved	resolved
si-p12-R-r013	12	R	13	9	27	27	17366.6	31786.28	13739.12	o	17366.6	31786.28	13739.12	resolved	resolved
si-p12-R-r014	12	R	14	11	27	27	8153.78	40981.72	14320.32	o	8153.78	40981.72	14320.32	resolved	resolved
si-p12-R-r015	12	R	15	0	0	28	63389	65706.32	8110.49	o	63389.0	65706.32	8110.49	resolved	resolved
si-p12-R-r016	12	R	16	2	2	28	134472.44	138903.45	8777.7	o	134472.44	138903.45	8777.7	resolved	resolved
si-p12-R-r017	12	R	17	0	4	28	59919.22	70547.2	8277.44	o	59919.22	70547.2	8277.44	resolved	resolved
si-p12-R-r018	12	R	18	2	4	28	96491.2	99572.15	8520.23	o	96491.2	99572.15	8520.23	resolved	resolved
si-p12-R-r019	12	R	19	4	4	28	13367.68	-4245.07	10944.67	o	13367.68	-4245.07	10944.67	resolved	resolved
si-p12-R-r020	12	R	20	2	6	28	23277.23	19285.49	9140.78	o	23277.23	19285.49	9140.78	resolved	resolved
si-p12-R-r021	12	R	21	4	6	28	102938.58	105480.38	8603.08	o	102938.58	105480.38	8603.08	resolved	resolved
si-p12-R-r022	12	R	22	6	6	28	296676.44	269824.44	13015.09	o	296676.44	269824.44	13015.09	resolved	resolved
si-p12-R-r023	12	R	23	0	8	28	61543.44	57949	8277.46	o	61543.44	57949.0	8277.46	resolved	resolved
si-p12-R-r024	12	R	24	2	8	28	60.9	-5662.41	9895.58	o	60.9	-5662.41	9895.58	resolved	resolved
si-p12-R-r025	12	R	25	4	8	28	197664.86	213212.05	10262.88	o	197664.86	213212.05	10262.88	resolved	resolved
si-p12-R-r026	12	R	26	6	8	28	1236.1	-12959.55	16007.71	o	1236.1	-12959.55	16007.71	resolved	resolved
si-p12-R-r027	12	R	27	8	8	28	135.65	9177.25	7736.8	o	135.65	9177.25	7736.8	resolved	resolved
si-p12-R-r028	12	R	28	2	10	28	78447.84	92961.88	10892.66	o	78447.84	92961.88	10892.66	resolved	resolved
si-p12-R-r029	12	R	29	4	10	28	101229.11	115217.34	15089.58	o	101229.11	115217.34	15089.58	resolved	resolved
si-p12-R-r030	12	R	30	6	10	28	2162.44	18398.82	7694.12	o	2162.44	18398.82	7694.12	resolved	resolved
si-p12-R-r031	12	R	31	8	10	28	3253.51	-413.74	8023.6	o	3253.51	-413.74	8023.6	resolved	resolved
si-p12-R-r032	12	R	32	10	10	28	40986.49	37932.86	12519.34	o	40986.49	37932.86	12519.34	resolved	resolved
si-p12-R-r033	12	R	33	0	12	28	462135.16	446888.09	19461.26	o	462135.16	446888.09	19461.26	resolved	resolved
si-p12-R-r034	12	R	34	2	12	28	106819.45	100770.58	8692.53	o	106819.45	100770.58	8692.53	resolved	resolved
si-p12-R-r035	12	R	35	4	12	28	46176.51	46363.29	8395.17	o	46176.51	46363.29	8395.17	resolved	resolved
si-p12-R-r036	12	R	36	6	12	28	56296.87	58722.66	11763.92	o	56296.87	58722.66	11763.92	resolved	resolved
si-p12-R-r037	12	R	37	8	12	28	124942.56	120434.68	10037.48	o	124942.56	120434.68	10037.48	resolved	resolved
si-p12-R-r038	12	R	38	10	12	28	73256.09	56755.96	9500.71	o	73256.09	56755.96	9500.71	resolved	resolved
si-p12-R-r039	12	R	39	12	12	28	557.69	-9000.3	9000.3	o	557.69	-9000.3	9000.3	resolved	resolved
si-p12-R-r040	12	R	40	2	14	28	59230.78	57911.59	9058.66	o	59230.78	57911.59	9058.66	resolved	resolved
si-p12-R-r041	12	R	41	4	14	28	55939.36	64558.25	10890.27	o	55939.36	64558.25	10890.27	resolved	resolved
si-p12-R-r042	12	R	42	6	14	28	28019	38550.28	13740.61	o	28019.0	38550.28	13740.61	resolved	resolved
si-p12-R-r043	12	R	43	8	14	28	46.6	1543.38	8642.46	o	46.6	1543.38	8642.46	resolved	resolved
si-p12-R-r044	12	R	44	10	14	28	46443.66	39731.5	9181.93	o	46443.66	39731.5	9181.93	resolved	resolved
si-p12-R-r045	12	R	45	12	14	28	64130.89	77983.41	9595.02	o	64130.89	77983.41	9595.02	resolved	resolved
si-p13-L-r001	13	L	1	14	14	28	65489.59	67479.98	20500.32	o	65489.59	67479.98	20500.32	resolved	resolved
si-p13-L-r002	13	L	2	0	16	28	113334.73	104935.22	16838.31	o	113334.73	104935.22	16838.31	resolved	resolved
si-p13-L-r003	13	L	3	2	16	28	923.43	-4797.89	8138.55	o	923.43	-4797.89	8138.55	resolved	resolved
si-p13-L-r004	13	L	4	4	16	28	18130.28	16551.07	8932.8	o	18130.28	16551.07	8932.8	resolved	resolved
si-p13-L-r005	13	L	5	6	16	28	46.37	-9011.54	9011.54	o	46.37	-9011.54	9011.54	resolved	resolved
si-p13-L-r006	13	L	6	8	16	28	8353.19	14567.91	9165.78	o	8353.19	14567.91	9165.78	resolved	resolved
si-p13-L-r007	13	L	7	10	16	28	363.69	-3199.36	8889.47	o	363.69	-3199.36	8889.47	resolved	resolved
si-p13-L-r008	13	L	8	12	16	28	8764.58	9800.68	18104.33	o	8764.58	9800.68	18104.33	resolved	resolved
si-p13-L-r009	13	L	9	14	16	28	934.15	1167.34	9133.17	o	934.15	1167.34	9133.17	resolved	resolved
si-p13-L-r010	13	L	10	16	16	28	119290.45	98478.11	13575.21	o	119290.45	98478.11	13575.21	resolved	resolved
si-p13-L-r011	13	L	11	2	18	28	27693.79	23195.36	9427.52	o	27693.79	23195.36	9427.52	resolved	resolved
si-p13-L-r012	13	L	12	4	18	28	58371.23	59950.55	10006.38	o	58371.23	59950.55	10006.38	resolved	resolved
si-p13-L-r013	13	L	13	6	18	28	161830.05	132535.77	10957.56	o	161830.05	132535.77	10957.56	resolved	resolved
si-p13-L-r014	13	L	14	8	18	28	217.58	-5361.93	9340.92	o	217.58	-5361.93	9340.92	resolved	resolved
si-p13-L-r015	13	L	15	10	18	28	3099.37	233.85	9507.96	o	3099.37	233.85	9507.96	resolved	resolved
si-p13-L-r016	13	L	16	12	18	28	71875.31	75180.13	10087.61	o	71875.31	75180.13	10087.61	resolved	resolved
si-p13-L-r017	13	L	17	14	18	28	14495.9	16218.85	9331.07	o	14495.9	16218.85	9331.07	resolved	resolved
si-p13-L-r018	13	L	18	16	18	28	2911.54	343.81	9670.48	o	2911.54	343.81	9670.48	resolved	resolved
si-p13-L-r019	13	L	19	18	18	28	8042.61	20435.09	13679.99	o	8042.61	20435.09	13679.99	resolved	resolved
si-p13-L-r020	13	L	20	0	20	28	117708.3	126050.99	10213.26	o	117708.3	126050.99	10213.26	resolved	resolved
si-p13-L-r021	13	L	21	2	20	28	54315.53	42827.35	10233.21	o	54315.53	42827.35	10233.21	resolved	resolved
si-p13-L-r022	13	L	22	4	20	28	3463.66	10245.11	14785.55	o	3463.66	10245.11	14785.55	resolved	resolved
si-p13-L-r023	13	L	23	6	20	28	51657.79	68978.09	11180.71	o	51657.79	68978.09	11180.71	resolved	resolved
si-p13-L-r024	13	L	24	8	20	28	264547.69	252944.02	12785.15	o	264547.69	252944.02	12785.15	resolved	resolved
si-p13-L-r025	13	L	25	10	20	28	50562.09	49145.73	17644.29	o	50562.09	49145.73	17644.29	resolved	resolved
si-p13-L-r026	13	L	26	12	20	28	3567.9	3054.21	9670.53	o	3567.9	3054.21	9670.53	resolved	resolved
si-p13-L-r027	13	L	27	14	20	28	27001.45	20154.05	13041.52	o	27001.45	20154.05	13041.52	resolved	resolved
si-p13-L-r028	13	L	28	16	20	28	83324.44	65097.23	22075.01	o	83324.44	65097.23	22075.01	resolved	resolved
si-p13-L-r029	13	L	29	18	20	28	40194.36	33489.04	20437.48	o	40194.36	33489.04	20437.48	resolved	resolved
si-p13-L-r030	13	L	30	20	20	28	1497.76	14093.97	9999.74	o	1497.76	14093.97	9999.74	resolved	resolved
si-p13-L-r031	13	L	31	2	22	28	28131.51	37620.53	9299.85	o	28131.51	37620.53	9299.85	resolved	resolved
si-p13-L-r032	13	L	32	4	22	28	67661.03	87134.15	17937.82	o	67661.03	87134.15	17937.82	resolved	resolved
si-p13-L-r033	13	L	33	6	22	28	11425.86	12610.24	9463.37	o	11425.86	12610.24	9463.37	resolved	resolved
si-p13-L-r034	13	L	34	8	22	28	234.84	-5413.47	9796.13	o	234.84	-5413.47	9796.13	resolved	resolved
si-p13-L-r035	13	L	35	10	22	28	39352.3	40924.61	11878.22	o	39352.3	40924.61	11878.22	resolved	resolved
si-p13-L-r036	13	L	36	12	22	28	37094.46	35844.5	10288.95	o	37094.46	35844.5	10288.95	resolved	resolved
si-p13-L-r037	13	L	37	14	22	28	19687	33432.94	10200.25	o	19687.0	33432.94	10200.25	resolved	resolved
si-p13-L-r038	13	L	38	16	22	28	7.4	-10033.97	10033.97	o	7.4	-10033.97	10033.97	resolved	resolved
si-p13-L-r039	13	L	39	18	22	28	86.86	3003.6	10265.37	o	86.86	3003.6	10265.37	resolved	resolved
si-p13-L-r040	13	L	40	0	24	28	8032.72	9742.29	9457.75	o	8032.72	9742.29	9457.75	resolved	resolved
si-p13-L-r041	13	L	41	2	24	28	168.22	7533.23	14843.37	o	168.22	7533.23	14843.37	resolved	resolved
si-p13-L-r042	13	L	42	4	24	28	36628.2	18756.53	20495.32	o	36628.2	18756.53	20495.32	resolved	resolved
si-p13-L-r043	13	L	43	6	24	28	945.29	-5080.73	9877.48	o	945.29	-5080.73	9877.48	resolved	resolved
si-p13-L-r044	13	L	44	8	24	28	965.32	6115.7	15891.23	o	965.32	6115.7	15891.23	resolved	resolved
si-p13-L-r045	13	L	45	10	24	28	1.78	-4930.2	9672.37	o	1.78	-4930.2	9672.37	resolved	resolved
si-p13-R-r001	13	R	1	12	24	28	84591.98	87859.16	25395.03	o	84591.98	87859.16	25395.03	resolved	resolved
si-p13-R-r002	13	R	2	14	24	28	59.06	396.97	12107.52	o	59.06	396.97	12107.52	resolved	resolved
si-p13-R-r003	13	R	3	16	24	28	321.31	-11780.12	13970.25	o	321.31	-11780.12	13970.25	resolved	resolved
si-p13-R-r004	13	R	4	2	26	28	15226.59	20176.77	15077.89	o	15226.59	20176.77	15077.89	resolved	resolved
si-p13-R-r005	13	R	5	4	26	28	31295.74	26155.09	10617.95	o	31295.74	26155.09	10617.95	resolved	resolved
si-p13-R-r006	13	R	6	6	26	28	379.32	582.09	10164.33	o	379.32	582.09	10164.33	resolved	resolved
si-p13-R-r007	13	R	7	8	26	28	1981.22	-6237.72	10356.83	o	1981.22	-6237.72	10356.83	resolved	resolved
si-p13-R-r008	13	R	8	10	26	28	18286.9	5970.14	10312.66	o	18286.9	5970.14	10312.66	resolved	resolved
si-p13-R-r009	13	R	9	12	26	28	22772.73	41835.59	13564.99	o	22772.73	41835.59	13564.99	resolved	resolved
si-p13-R-r010	13	R	10	0	28	28	9532.33	7917	14436.89	o	9532.33	7917.0	14436.89	resolved	resolved
si-p13-R-r011	13	R	11	2	28	28	24639.29	20144	14322.04	o	24639.29	20144.0	14322.04	resolved	resolved
si-p13-R-r012	13	R	12	4	28	28	59334.29	74074.05	15490.33	o	59334.29	74074.05	15490.33	resolved	resolved
si-p13-R-r013	13	R	13	6	28	28	27403.83	35165.35	15137.4	o	27403.83	35165.35	15137.4	resolved	resolved
si-p13-R-r014	13	R	14	1	1	29	19882.81	13652.01	7203.96	o	19882.81	13652.01	7203.96	resolved	resolved
si-p13-R-r015	13	R	15	1	3	29	47676.16	43403.29	8065.8	o	47676.16	43403.29	8065.8	resolved	resolved
si-p13-R-r016	13	R	16	3	3	29	32208.82	17426.77	7945.87	o	32208.82	17426.77	7945.87	resolved	resolved
si-p13-R-r017	13	R	17	1	5	29	40784.98	42194.56	7823.27	o	40784.98	42194.56	7823.27	resolved	resolved
si-p13-R-r018	13	R	18	3	5	29	147353.03	137251.98	9227.51	o	147353.03	137251.98	9227.51	resolved	resolved
si-p13-R-r019	13	R	19	5	5	29	144042.92	138834.06	18825.44	o	144042.92	138834.06	18825.44	resolved	resolved
si-p13-R-r020	13	R	20	1	7	29	56.1	6909.21	9895.57	o	56.1	6909.21	9895.57	resolved	resolved
si-p13-R-r021	13	R	21	3	7	29	1112.43	12573.32	10128.5	o	1112.43	12573.32	10128.5	resolved	resolved
si-p13-R-r022	13	R	22	5	7	29	3760.75	4227.55	7771.36	o	3760.75	4227.55	7771.36	resolved	resolved
si-p13-R-r023	13	R	23	7	7	29	34.23	16773.31	10652.29	o	34.23	16773.31	10652.29	resolved	resolved
si-p13-R-r024	13	R	24	1	9	29	14497.11	14210.11	8191.59	o	14497.11	14210.11	8191.59	resolved	resolved
si-p13-R-r025	13	R	25	3	9	29	1816.83	4389.36	7614.41	o	1816.83	4389.36	7614.41	resolved	resolved
si-p13-R-r026	13	R	26	5	9	29	50321.27	141974.53	54099.8	o	50321.27	141974.53	54099.8	resolved	resolved
si-p13-R-r027	13	R	27	7	9	29	38531.01	36816.2	8967.17	o	38531.01	36816.2	8967.17	resolved	resolved
si-p13-R-r028	13	R	28	9	9	29	74044.03	62536.17	10134.72	o	74044.03	62536.17	10134.72	resolved	resolved
si-p13-R-r029	13	R	29	1	11	29	13553.71	31706.54	8106.67	o	13553.71	31706.54	8106.67	resolved	resolved
si-p13-R-r030	13	R	30	3	11	29	76585.26	78983.43	12697.9	o	76585.26	78983.43	12697.9	resolved	resolved
si-p13-R-r031	13	R	31	5	11	29	32556.46	61939.13	9374.27	o	32556.46	61939.13	9374.27	resolved	resolved
si-p13-R-r032	13	R	32	7	11	29	7697.32	-2852.44	8808.84	o	7697.32	-2852.44	8808.84	resolved	resolved
si-p13-R-r033	13	R	33	9	11	29	26167.04	44249.41	8919.75	o	26167.04	44249.41	8919.75	resolved	resolved
si-p13-R-r034	13	R	34	11	11	29	1198.92	-5048.82	8835.45	o	1198.92	-5048.82	8835.45	resolved	resolved
si-p13-R-r035	13	R	35	1	13	29	72339.98	70637.46	9471.51	o	72339.98	70637.46	9471.51	resolved	resolved
si-p13-R-r036	13	R	36	3	13	29	1163.04	10594.18	8232.11	o	1163.04	10594.18	8232.11	resolved	resolved
si-p13-R-r037	13	R	37	5	13	29	103187.21	106247.09	12176.18	o	103187.21	106247.09	12176.18	resolved	resolved
si-p13-R-r038	13	R	38	7	13	29	481.3	935.79	12340.4	o	481.3	935.79	12340.4	resolved	resolved
si-p13-R-r039	13	R	39	9	13	29	474.65	10037.9	8519.88	o	474.65	10037.9	8519.88	resolved	resolved
si-p13-R-r040	13	R	40	11	13	29	112556.08	115815.55	11885.46	o	112556.08	115815.55	11885.46	resolved	resolved
si-p13-R-r041	13	R	41	13	13	29	168.46	-8375.93	9258.57	o	168.46	-8375.93	9258.57	resolved	resolved
si-p13-R-r042	13	R	42	1	15	29	1420	8594.99	17928.65	o	1420.0	8594.99	17928.65	resolved	resolved
si-p13-R-r043	13	R	43	3	15	29	54847.06	52555.7	13394.15	o	54847.06	52555.7	13394.15	resolved	resolved
si-p13-R-r044	13	R	44	5	15	29	4983.21	14501.15	8849.86	o	4983.21	14501.15	8849.86	resolved	resolved
si-p13-R-r045	13	R	45	7	15	29	1506.6	-7043.14	9093.99	o	1506.6	-7043.14	9093.99	resolved	resolved
si-p14-L-r001	14	L	1	9	15	29	44259.55	49523.5	13742.26	o	44259.55	49523.5	13742.26	resolved	resolved
si-p14-L-r002	14	L	2	11	15	29	12812.17	14070.85	9466.72	o	12812.17	14070.85	9466.72	resolved	resolved
si-p14-L-r003	14	L	3	13	15	29	19856.13	30455.9	9591.54	o	19856.13	30455.9	9591.54	resolved	resolved
si-p14-L-r004	14	L	4	15	15	29	26805.64	35953.64	9550.06	o	26805.64	35953.64	9550.06	resolved	resolved
si-p14-L-r005	14	L	5	1	17	29	7872.8	14175.79	8847.41	o	7872.8	14175.79	8847.41	resolved	resolved
si-p14-L-r006	14	L	6	3	17	29	23304.34	22492.64	21192.13	o	23304.34	22492.64	21192.13	resolved	resolved
si-p14-L-r007	14	L	7	5	17	29	260777.92	241082.19	16740.91	o	260777.92	241082.19	16740.91	resolved	resolved
si-p14-L-r008	14	L	8	7	17	29	24972.62	19074.36	9344.93	o	24972.62	19074.36	9344.93	resolved	resolved
si-p14-L-r009	14	L	9	9	17	29	11433.06	1719.91	9755.57	o	11433.06	1719.91	9755.57	resolved	resolved
si-p14-L-r010	14	L	10	11	17	29	58902.13	37146.05	10170.97	o	58902.13	37146.05	10170.97	resolved	resolved
si-p14-L-r011	14	L	11	13	17	29	16359.68	13703.69	16708.15	o	16359.68	13703.69	16708.15	resolved	resolved
si-p14-L-r012	14	L	12	15	17	29	116.48	-14134	19209.06	o	116.48	-14134.0	19209.06	resolved	resolved
si-p14-L-r013	14	L	13	17	17	29	2041.36	-10043.23	10043.23	o	2041.36	-10043.23	10043.23	resolved	resolved
si-p14-L-r014	14	L	14	1	19	29	26246.88	28911.24	9592.04	o	26246.88	28911.24	9592.04	resolved	resolved
si-p14-L-r015	14	L	15	3	19	29	1772.34	23766.94	8872.43	o	1772.34	23766.94	8872.43	resolved	resolved
si-p14-L-r016	14	L	16	5	19	29	34148.48	52383.62	17059.87	o	34148.48	52383.62	17059.87	resolved	resolved
si-p14-L-r017	14	L	17	7	19	29	570.48	3862.25	14435.95	o	570.48	3862.25	14435.95	resolved	resolved
si-p14-L-r018	14	L	18	9	19	29	12747.65	9721.9	9797.08	o	12747.65	9721.9	9797.08	resolved	resolved
si-p14-L-r019	14	L	19	11	19	29	23148.64	16688.96	9921.09	o	23148.64	16688.96	9921.09	resolved	resolved
si-p14-L-r020	14	L	20	13	19	29	1678.05	4626.82	9583.81	o	1678.05	4626.82	9583.81	resolved	resolved
si-p14-L-r021	14	L	21	15	19	29	40713.92	44236.97	10414.49	o	40713.92	44236.97	10414.49	resolved	resolved
si-p14-L-r022	14	L	22	17	19	29	4772.95	20482.44	11991.52	o	4772.95	20482.44	11991.52	resolved	resolved
si-p14-L-r023	14	L	23	19	19	29	9071.68	19856.08	10137.01	o	9071.68	19856.08	10137.01	resolved	resolved
si-p14-L-r024	14	L	24	1	21	29	1064.73	-9588.01	9588.01	o	1064.73	-9588.01	9588.01	resolved	resolved
si-p14-L-r025	14	L	25	3	21	29	115697.93	118486.04	16954	o	115697.93	118486.04	16954.0	resolved	resolved
si-p14-R-r001	14	R	1	5	21	29	7934.54	-713.85	9713.34	o	7934.54	-713.85	9713.34	resolved	resolved
si-p14-R-r002	14	R	2	7	21	29	34756.82	33425.27	10036.63	o	34756.82	33425.27	10036.63	resolved	resolved
si-p14-R-r003	14	R	3	9	21	29	50939.31	47012.86	10376.36	o	50939.31	47012.86	10376.36	resolved	resolved
si-p14-R-r004	14	R	4	11	21	29	306.33	29199.98	9284.74	o	306.33	29199.98	9284.74	resolved	resolved
si-p14-R-r005	14	R	5	13	21	29	89280.22	70029.38	11161.58	o	89280.22	70029.38	11161.58	resolved	resolved
si-p14-R-r006	14	R	6	15	21	29	339.05	5190.69	10242.7	o	339.05	5190.69	10242.7	resolved	resolved
si-p14-R-r007	14	R	7	17	21	29	2887.16	-7069.08	12457.04	o	2887.16	-7069.08	12457.04	resolved	resolved
si-p14-R-r008	14	R	8	1	23	29	17883.93	12437.07	10085.35	o	17883.93	12437.07	10085.35	resolved	resolved
si-p14-R-r009	14	R	9	3	23	29	3587.16	5019.6	9960	o	3587.16	5019.6	9960.0	resolved	resolved
si-p14-R-r010	14	R	10	5	23	29	788.43	14681.86	9539.63	o	788.43	14681.86	9539.63	resolved	resolved
si-p14-R-r011	14	R	11	7	23	29	239.36	-1091.17	9383.45	o	239.36	-1091.17	9383.45	resolved	resolved
si-p14-R-r012	14	R	12	9	23	29	10935.26	-5396.2	11468.15	o	10935.26	-5396.2	11468.15	resolved	resolved
si-p14-R-r013	14	R	13	11	23	29	37305.63	26609.18	10331.83	o	37305.63	26609.18	10331.83	resolved	resolved
si-p14-R-r014	14	R	14	13	23	29	185.06	-782.97	10466.58	o	185.06	-782.97	10466.58	resolved	resolved
si-p14-R-r015	14	R	15	15	23	29	814.55	18254.62	9876.43	o	814.55	18254.62	9876.43	resolved	resolved
si-p14-R-r016	14	R	16	1	25	29	10762	2613.68	10078.74	o	10762.0	2613.68	10078.74	resolved	resolved
si-p14-R-r017	14	R	17	3	25	29	4782.98	19722.18	9627.59	o	4782.98	19722.18	9627.59	resolved	resolved
si-p14-R-r018	14	R	18	5	25	29	24171.68	14970.56	10320.99	o	24171.68	14970.56	10320.99	resolved	resolved
si-p14-R-r019	14	R	19	7	25	29	19796.65	12486.42	10330.48	o	19796.65	12486.42	10330.48	resolved	resolved
si-p14-R-r020	14	R	20	9	25	29	48885.17	46310.83	10753.91	o	48885.17	46310.83	10753.91	resolved	resolved
si-p14-R-r021	14	R	21	11	25	29	7416.65	25228.56	9957.21	o	7416.65	25228.56	9957.21	resolved	resolved
si-p14-R-r022	14	R	22	1	27	29	4476.31	11963.07	18569.35	o	4476.31	11963.07	18569.35	resolved	resolved
si-p14-R-r023	14	R	23	3	27	29	43129.85	49409.88	10741.21	o	43129.85	49409.88	10741.21	resolved	resolved
si-p14-R-r024	14	R	24	5	27	29	48710.96	52356.04	10499.3	o	48710.96	52356.04	10499.3	resolved	resolved
